{
  "meta": {
    "oracleSize": 178,
    "commonSize": 81,
    "dartVersion": "3.12.2 (stable) (Tue Jun 9 01:11:39 2026 -0700) on \"macos_arm64\"",
    "targetRelCi95": 0.015,
    "referenceIterations": 400000,
    "referenceDisplayScale": 100.0,
    "countersEnabled": true
  },
  "referenceUs": {
    "mean": 814.9,
    "median": 814.0,
    "stddev": 6.624030327359452,
    "min": 800.0,
    "max": 825.0,
    "n": 10,
    "relCi95": 0.005038184479567284
  },
  "time": {
    "oracle": {
      "coldNormalized": 50.49802760661335,
      "warmNormalized": 0.012767817378847062,
      "coldNormalizedRelCi95": 0.010095009461662276,
      "warmNormalizedRelCi95": 0.006575359918290912,
      "coldUsPerCall": {
        "mean": 411.5084269662922,
        "median": 410.1460674157304,
        "stddev": 5.808004206414789,
        "min": 405.6011235955056,
        "max": 424.20786516853934,
        "n": 10,
        "relCi95": 0.008747909074796001
      },
      "warmUsPerCall": {
        "mean": 0.10404494382022471,
        "median": 0.1041994382022472,
        "stddev": 0.0007092658001650037,
        "min": 0.1029494382022472,
        "max": 0.1047752808988764,
        "n": 10,
        "relCi95": 0.004225169251629337
      }
    },
    "common": {
      "coldNormalized": 44.165988707241205,
      "warmNormalized": 0.01297288616796123,
      "coldNormalizedRelCi95": 0.006440719331406435,
      "warmNormalizedRelCi95": 0.011140819710342555,
      "coldUsPerCall": {
        "mean": 359.90864197530857,
        "median": 359.1604938271605,
        "stddev": 2.32993198209799,
        "min": 356.9259259259259,
        "max": 363.61728395061726,
        "n": 10,
        "relCi95": 0.004012426031193584
      },
      "warmUsPerCall": {
        "mean": 0.10571604938271606,
        "median": 0.10469135802469136,
        "stddev": 0.0016948038952008149,
        "min": 0.10444444444444445,
        "max": 0.10938271604938271,
        "n": 10,
        "relCi95": 0.009936526604815412
      }
    }
  },
  "memory": {
    "churnBytes": 16296704,
    "churnObjects": 139064,
    "churnBytesPerCall": 91554.51685393258,
    "retainedBytes": 681904,
    "liveHeapBytes": 16296704
  },
  "counters": {
    "cacheHits": 0,
    "cacheMisses": 178,
    "rootsConsidered": 885,
    "templatesEvaluated": 23010,
    "candidatesProduced": 12747,
    "candidatesRanked": 2028
  }
}