{
  "meta": {
    "oracleSize": 191,
    "commonSize": 81,
    "dartVersion": "3.12.2 (stable) (Tue Jun 9 01:11:39 2026 -0700) on \"macos_arm64\"",
    "targetRelCi95": 0.015,
    "referenceIterations": 400000,
    "referenceDisplayScale": 100.0,
    "countersEnabled": true
  },
  "referenceUs": {
    "mean": 810.6,
    "median": 809.5,
    "stddev": 8.422192905255336,
    "min": 799.0,
    "max": 829.0,
    "n": 10,
    "relCi95": 0.006439833758805629
  },
  "time": {
    "oracle": {
      "coldNormalized": 63.18369303069409,
      "warmNormalized": 0.012683061994024206,
      "coldNormalizedRelCi95": 0.009178722471510036,
      "warmNormalizedRelCi95": 0.007485224071429607,
      "coldUsPerCall": {
        "mean": 512.1670157068063,
        "median": 512.9319371727748,
        "stddev": 5.404595189547724,
        "min": 502.9738219895288,
        "max": 518.6020942408377,
        "n": 10,
        "relCi95": 0.006540450089095601
      },
      "warmUsPerCall": {
        "mean": 0.10280890052356022,
        "median": 0.10312827225130891,
        "stddev": 0.0006328669010810646,
        "min": 0.10162303664921465,
        "max": 0.10345549738219895,
        "n": 10,
        "relCi95": 0.0038153794776478777
      }
    },
    "common": {
      "coldNormalized": 17.43604169075371,
      "warmNormalized": 0.012087525472672276,
      "coldNormalizedRelCi95": 0.01610691487304813,
      "warmNormalizedRelCi95": 0.012125124121463621,
      "coldUsPerCall": {
        "mean": 141.3365539452496,
        "median": 138.70987654320987,
        "stddev": 7.220495231495644,
        "min": 135.97530864197532,
        "max": 166.87654320987653,
        "n": 46,
        "relCi95": 0.014763510689756908
      },
      "warmUsPerCall": {
        "mean": 0.09798148148148147,
        "median": 0.09725308641975308,
        "stddev": 0.001624094290330007,
        "min": 0.09666666666666666,
        "max": 0.10098765432098765,
        "n": 10,
        "relCi95": 0.010273615532997441
      }
    }
  },
  "memory": {
    "churnBytes": 16680432,
    "churnObjects": 141620,
    "churnBytesPerCall": 87332.10471204188,
    "retainedBytes": 712992,
    "liveHeapBytes": 16680432
  },
  "counters": {
    "cacheHits": 0,
    "cacheMisses": 191,
    "rootsConsidered": 964,
    "templatesEvaluated": 25064,
    "candidatesProduced": 14125,
    "candidatesRanked": 2228
  }
}