{
  "meta": {
    "oracleSize": 168,
    "commonSize": 81,
    "dartVersion": "3.12.2 (stable) (Tue Jun 9 01:11:39 2026 -0700) on \"macos_arm64\"",
    "targetRelCi95": 0.015,
    "referenceIterations": 400000,
    "referenceDisplayScale": 100.0,
    "countersEnabled": true
  },
  "referenceUs": {
    "mean": 815.6,
    "median": 812.5,
    "stddev": 11.908913561791529,
    "min": 801.0,
    "max": 834.0,
    "n": 10,
    "relCi95": 0.009050050389176802
  },
  "time": {
    "oracle": {
      "coldNormalized": 87.07218174175014,
      "warmNormalized": 0.012513428618136807,
      "coldNormalizedRelCi95": 0.01150197439211964,
      "warmNormalizedRelCi95": 0.010335230152020657,
      "coldUsPerCall": {
        "mean": 710.1607142857142,
        "median": 707.2083333333333,
        "stddev": 8.133573252721991,
        "min": 704.1964285714286,
        "max": 731.8392857142857,
        "n": 10,
        "relCi95": 0.0070987324833618574
      },
      "warmUsPerCall": {
        "mean": 0.10205952380952381,
        "median": 0.10208333333333333,
        "stddev": 0.0008218933199495391,
        "min": 0.10113095238095238,
        "max": 0.1031547619047619,
        "n": 10,
        "relCi95": 0.004991349541817096
      }
    },
    "common": {
      "coldNormalized": 20.668719234192505,
      "warmNormalized": 0.01292845076562585,
      "coldNormalizedRelCi95": 0.01730693341974432,
      "warmNormalizedRelCi95": 0.011520246555046998,
      "coldUsPerCall": {
        "mean": 168.57407407407408,
        "median": 166.52469135802468,
        "stddev": 5.0751703480652575,
        "min": 165.25925925925927,
        "max": 182.79012345679013,
        "n": 16,
        "relCi95": 0.014752170428408953
      },
      "warmUsPerCall": {
        "mean": 0.10544444444444445,
        "median": 0.10478395061728395,
        "stddev": 0.00121270071546284,
        "min": 0.10438271604938272,
        "max": 0.10740740740740741,
        "n": 10,
        "relCi95": 0.0071283005437785115
      }
    }
  },
  "memory": {
    "churnBytes": 16727520,
    "churnObjects": 141400,
    "churnBytesPerCall": 99568.57142857143,
    "retainedBytes": 652624,
    "liveHeapBytes": 16727520
  },
  "counters": {
    "cacheHits": 0,
    "cacheMisses": 168,
    "rootsConsidered": 870,
    "templatesEvaluated": 22620,
    "candidatesProduced": 13057,
    "candidatesRanked": 2300
  }
}