{
  "meta": {
    "oracleSize": 181,
    "commonSize": 81,
    "dartVersion": "3.12.2 (stable) (Tue Jun 9 01:11:39 2026 -0700) on \"macos_arm64\"",
    "targetRelCi95": 0.015,
    "referenceIterations": 400000,
    "referenceDisplayScale": 100.0,
    "countersEnabled": true
  },
  "referenceUs": {
    "mean": 812.5,
    "median": 809.0,
    "stddev": 12.642520845675254,
    "min": 801.0,
    "max": 843.0,
    "n": 10,
    "relCi95": 0.009644203818762354
  },
  "time": {
    "oracle": {
      "coldNormalized": 82.19886102847428,
      "warmNormalized": 0.012439949001274972,
      "coldNormalizedRelCi95": 0.012552056037065204,
      "warmNormalizedRelCi95": 0.010376591764775872,
      "coldUsPerCall": {
        "mean": 667.8657458563536,
        "median": 666.0497237569061,
        "stddev": 8.656835481015197,
        "min": 658.6022099447514,
        "max": 688.8121546961326,
        "n": 10,
        "relCi95": 0.008033893418498573
      },
      "warmUsPerCall": {
        "mean": 0.10107458563535913,
        "median": 0.10121546961325967,
        "stddev": 0.0006244492637091226,
        "min": 0.10008287292817679,
        "max": 0.10193370165745856,
        "n": 10,
        "relCi95": 0.003829228297579567
      }
    },
    "common": {
      "coldNormalized": 20.82706552706553,
      "warmNormalized": 0.012084330484330484,
      "coldNormalizedRelCi95": 0.017640610884133264,
      "warmNormalizedRelCi95": 0.012391590648858135,
      "coldUsPerCall": {
        "mean": 169.21990740740742,
        "median": 167.14814814814815,
        "stddev": 5.101093976506495,
        "min": 165.44444444444446,
        "max": 183.41975308641975,
        "n": 16,
        "relCi95": 0.014770933791320393
      },
      "warmUsPerCall": {
        "mean": 0.09818518518518518,
        "median": 0.09768518518518518,
        "stddev": 0.0012325772703138268,
        "min": 0.0969753086419753,
        "max": 0.10030864197530864,
        "n": 10,
        "relCi95": 0.007780800184495036
      }
    }
  },
  "memory": {
    "churnBytes": 16856624,
    "churnObjects": 142553,
    "churnBytesPerCall": 93130.51933701658,
    "retainedBytes": 689568,
    "liveHeapBytes": 16856624
  },
  "counters": {
    "cacheHits": 0,
    "cacheMisses": 181,
    "rootsConsidered": 922,
    "templatesEvaluated": 23972,
    "candidatesProduced": 13605,
    "candidatesRanked": 2368
  }
}