{
  "meta": {
    "corpusSize": 140,
    "dartVersion": "3.12.2 (stable) (Tue Jun 9 01:11:39 2026 -0700) on \"macos_arm64\"",
    "targetRelCi95": 0.015,
    "referenceIterations": 4000000,
    "countersEnabled": true
  },
  "time": {
    "coldNormalized": 0.7475481531039826,
    "warmNormalized": 0.000012323057149899644,
    "coldNormalizedRelCi95": 0.00790033043563779,
    "warmNormalizedRelCi95": 0.009078139165469724,
    "coldUsPerCall": {
      "mean": 6065.605714285714,
      "median": 6065.314285714286,
      "stddev": 17.20981658380095,
      "min": 6037.814285714286,
      "max": 6096.892857142857,
      "n": 10,
      "relCi95": 0.001758563832217658
    },
    "warmUsPerCall": {
      "mean": 0.09998928571428571,
      "median": 0.09994642857142857,
      "stddev": 0.0007751910743900885,
      "min": 0.09882142857142857,
      "max": 0.10114285714285715,
      "n": 10,
      "relCi95": 0.004805198899874447
    },
    "referenceUs": {
      "mean": 8114.0,
      "median": 8082.5,
      "stddev": 100.82988974836115,
      "min": 8017.0,
      "max": 8317.0,
      "n": 10,
      "relCi95": 0.0077021214116813775
    }
  },
  "memory": {
    "churnBytes": 16567616,
    "churnObjects": 141261,
    "churnBytesPerCall": 118340.11428571428,
    "retainedBytes": 820336,
    "liveHeapBytes": 16567616
  },
  "counters": {
    "cacheHits": 0,
    "cacheMisses": 140,
    "rootsConsidered": 765,
    "templatesEvaluated": 19890,
    "candidatesProduced": 11983
  }
}