{
  "meta": {
    "oracleSize": 232,
    "commonSize": 81,
    "dartVersion": "3.12.2 (stable) (Tue Jun 9 01:11:39 2026 -0700) on \"macos_arm64\"",
    "targetRelCi95": 0.015,
    "referenceIterations": 400000,
    "referenceDisplayScale": 100.0,
    "countersEnabled": true
  },
  "referenceUs": {
    "mean": 811.6,
    "median": 812.0,
    "stddev": 7.560129334578578,
    "min": 803.0,
    "max": 827.0,
    "n": 10,
    "relCi95": 0.0057735543471333275
  },
  "time": {
    "oracle": {
      "coldNormalized": 29.472965279312046,
      "warmNormalized": 0.013716785489709556,
      "coldNormalizedRelCi95": 0.009428559075151527,
      "warmNormalizedRelCi95": 0.005899972427851657,
      "coldUsPerCall": {
        "mean": 239.20258620689657,
        "median": 239.3168103448276,
        "stddev": 2.8767740682061236,
        "min": 235.01724137931035,
        "max": 243.81896551724137,
        "n": 10,
        "relCi95": 0.007454112719453609
      },
      "warmUsPerCall": {
        "mean": 0.11132543103448275,
        "median": 0.11130387931034483,
        "stddev": 0.00021819457684608243,
        "min": 0.11105603448275862,
        "max": 0.1118103448275862,
        "n": 10,
        "relCi95": 0.0012148023913820826
      }
    },
    "common": {
      "coldNormalized": 16.04953483136496,
      "warmNormalized": 0.012716079805779166,
      "coldNormalizedRelCi95": 0.014315543764085387,
      "warmNormalizedRelCi95": 0.009839271034947483,
      "coldUsPerCall": {
        "mean": 130.258024691358,
        "median": 129.38888888888889,
        "stddev": 2.7530122954706693,
        "min": 128.50617283950618,
        "max": 137.679012345679,
        "n": 10,
        "relCi95": 0.013099651272539353
      },
      "warmUsPerCall": {
        "mean": 0.10320370370370371,
        "median": 0.10274691358024692,
        "stddev": 0.001326626044811272,
        "min": 0.1019753086419753,
        "max": 0.10567901234567902,
        "n": 10,
        "relCi95": 0.007967265823345821
      }
    }
  },
  "memory": {
    "churnBytes": 16624304,
    "churnObjects": 142115,
    "churnBytesPerCall": 71656.4827586207,
    "retainedBytes": 842864,
    "liveHeapBytes": 16624304
  },
  "counters": {
    "cacheHits": 0,
    "cacheMisses": 232,
    "rootsConsidered": 1194,
    "templatesEvaluated": 32238,
    "candidatesProduced": 14435,
    "candidatesRanked": 2210
  }
}