{
  "meta": {
    "oracleSize": 154,
    "commonSize": 81,
    "dartVersion": "3.12.2 (stable) (Tue Jun 9 01:11:39 2026 -0700) on \"macos_arm64\"",
    "targetRelCi95": 0.015,
    "referenceIterations": 400000,
    "referenceDisplayScale": 100.0,
    "countersEnabled": true
  },
  "referenceUs": {
    "mean": 818.4,
    "median": 816.5,
    "stddev": 12.500666648889837,
    "min": 803.0,
    "max": 844.0,
    "n": 10,
    "relCi95": 0.009467245186553353
  },
  "time": {
    "oracle": {
      "coldNormalized": 92.79588935014156,
      "warmNormalized": 0.012228485102385394,
      "coldNormalizedRelCi95": 0.011746673610046865,
      "warmNormalizedRelCi95": 0.010535512961391505,
      "coldUsPerCall": {
        "mean": 759.4415584415585,
        "median": 758.0,
        "stddev": 8.520434034909883,
        "min": 749.9025974025974,
        "max": 772.9935064935065,
        "n": 10,
        "relCi95": 0.0069538197761125345
      },
      "warmUsPerCall": {
        "mean": 0.10007792207792207,
        "median": 0.1002435064935065,
        "stddev": 0.0007463924092126067,
        "min": 0.09909090909090909,
        "max": 0.10107142857142858,
        "n": 10,
        "relCi95": 0.004622586065973328
      }
    },
    "common": {
      "coldNormalized": 20.500259017450045,
      "warmNormalized": 0.012409790859611651,
      "coldNormalizedRelCi95": 0.01773356983767448,
      "warmNormalizedRelCi95": 0.01196573377398357,
      "coldUsPerCall": {
        "mean": 167.77411979881114,
        "median": 165.7530864197531,
        "stddev": 6.669572029514643,
        "min": 163.5185185185185,
        "max": 192.55555555555554,
        "n": 27,
        "relCi95": 0.014995024767080596
      },
      "warmUsPerCall": {
        "mean": 0.10156172839506175,
        "median": 0.10089506172839507,
        "stddev": 0.001199096031456719,
        "min": 0.1004320987654321,
        "max": 0.1032716049382716,
        "n": 10,
        "relCi95": 0.0073177901942822485
      }
    }
  },
  "memory": {
    "churnBytes": 16653584,
    "churnObjects": 140575,
    "churnBytesPerCall": 108140.15584415584,
    "retainedBytes": 624752,
    "liveHeapBytes": 16653584
  },
  "counters": {
    "cacheHits": 0,
    "cacheMisses": 154,
    "rootsConsidered": 814,
    "templatesEvaluated": 21164,
    "candidatesProduced": 12434,
    "candidatesRanked": 2225
  }
}