{
  "meta": {
    "oracleSize": 222,
    "commonSize": 81,
    "dartVersion": "3.12.2 (stable) (Tue Jun 9 01:11:39 2026 -0700) on \"macos_arm64\"",
    "targetRelCi95": 0.015,
    "referenceIterations": 400000,
    "referenceDisplayScale": 100.0,
    "countersEnabled": true
  },
  "referenceUs": {
    "mean": 811.3,
    "median": 807.0,
    "stddev": 11.63376312482098,
    "min": 799.0,
    "max": 835.0,
    "n": 10,
    "relCi95": 0.008887811031343725
  },
  "time": {
    "oracle": {
      "coldNormalized": 29.681592106095984,
      "warmNormalized": 0.013467152595711695,
      "coldNormalizedRelCi95": 0.011988299260232359,
      "warmNormalizedRelCi95": 0.00933811781975515,
      "coldUsPerCall": {
        "mean": 240.8067567567567,
        "median": 239.88513513513513,
        "stddev": 3.125736988008536,
        "min": 236.52702702702703,
        "max": 247.13513513513513,
        "n": 10,
        "relCi95": 0.00804525538587884
      },
      "warmUsPerCall": {
        "mean": 0.10925900900900898,
        "median": 0.10933558558558558,
        "stddev": 0.0005050103373657321,
        "min": 0.10806306306306307,
        "max": 0.11002252252252252,
        "n": 10,
        "relCi95": 0.00286483149360542
      }
    },
    "common": {
      "coldNormalized": 15.976818618669144,
      "warmNormalized": 0.012669804444322705,
      "coldNormalizedRelCi95": 0.01730872563463679,
      "warmNormalizedRelCi95": 0.012901658200987815,
      "coldUsPerCall": {
        "mean": 129.61992945326276,
        "median": 128.70987654320987,
        "stddev": 3.675202711426667,
        "min": 127.29629629629629,
        "max": 142.1358024691358,
        "n": 14,
        "relCi95": 0.014852568739657717
      },
      "warmUsPerCall": {
        "mean": 0.1027901234567901,
        "median": 0.10185185185185186,
        "stddev": 0.0015509545036233108,
        "min": 0.10154320987654321,
        "max": 0.10592592592592592,
        "n": 10,
        "relCi95": 0.009351983715032921
      }
    }
  },
  "memory": {
    "churnBytes": 16585888,
    "churnObjects": 141651,
    "churnBytesPerCall": 74711.2072072072,
    "retainedBytes": 812304,
    "liveHeapBytes": 16585888
  },
  "counters": {
    "cacheHits": 0,
    "cacheMisses": 222,
    "rootsConsidered": 1138,
    "templatesEvaluated": 30726,
    "candidatesProduced": 13809,
    "candidatesRanked": 2087
  }
}