{
  "meta": {
    "oracleSize": 293,
    "commonSize": 81,
    "dartVersion": "3.12.2 (stable) (Tue Jun 9 01:11:39 2026 -0700) on \"macos_arm64\"",
    "targetRelCi95": 0.015,
    "referenceIterations": 400000,
    "referenceDisplayScale": 100.0,
    "countersEnabled": true
  },
  "referenceUs": {
    "mean": 808.4666666666667,
    "median": 806.0,
    "stddev": 9.445792105786953,
    "min": 799.0,
    "max": 834.0,
    "n": 30,
    "relCi95": 0.0041809185632447135,
    "converged": true
  },
  "time": {
    "oracle": {
      "coldNormalized": 27.907166222326794,
      "warmNormalized": 0.012332014620015529,
      "coldNormalizedRelCi95": 0.008084333332672312,
      "warmNormalizedRelCi95": 0.004588661165505048,
      "coldUsPerCall": {
        "mean": 225.62013651877137,
        "median": 225.48976109215016,
        "stddev": 4.362575942842369,
        "min": 220.07849829351537,
        "max": 239.4641638225256,
        "n": 30,
        "relCi95": 0.0069192749187521356,
        "converged": true
      },
      "warmUsPerCall": {
        "mean": 0.09970022753128555,
        "median": 0.09956484641638225,
        "stddev": 0.0005268453375636802,
        "min": 0.09897610921501707,
        "max": 0.10116040955631399,
        "n": 30,
        "relCi95": 0.0018909604066002816,
        "converged": true
      }
    },
    "common": {
      "coldNormalized": 15.922383173145935,
      "warmNormalized": 0.012845787432797134,
      "coldNormalizedRelCi95": 0.01054293709623612,
      "warmNormalizedRelCi95": 0.006262497886511306,
      "coldUsPerCall": {
        "mean": 128.72716049382717,
        "median": 127.48765432098764,
        "stddev": 3.4816329686343357,
        "min": 126.06172839506173,
        "max": 139.35802469135803,
        "n": 30,
        "relCi95": 0.009678504150058907,
        "converged": true
      },
      "warmUsPerCall": {
        "mean": 0.10385390946502057,
        "median": 0.10330246913580246,
        "stddev": 0.0013531476469902388,
        "min": 0.10253086419753087,
        "max": 0.10660493827160494,
        "n": 30,
        "relCi95": 0.0046624885786534995,
        "converged": true
      }
    }
  },
  "memory": {
    "churnBytes": 17188384,
    "churnObjects": 146035,
    "churnBytesPerCall": 58663.42662116041,
    "retainedBytes": 1028672,
    "liveHeapBytes": 17188384
  },
  "counters": {
    "cacheHits": 0,
    "cacheMisses": 293,
    "rootsConsidered": 1501,
    "templatesEvaluated": 40527,
    "candidatesProduced": 18048,
    "candidatesRanked": 2703
  }
}