{
  "meta": {
    "oracleSize": 222,
    "commonSize": 81,
    "dartVersion": "3.12.2 (stable) (Tue Jun 9 01:11:39 2026 -0700) on \"macos_arm64\"",
    "targetRelCi95": 0.015,
    "referenceIterations": 400000,
    "referenceDisplayScale": 100.0,
    "countersEnabled": true
  },
  "referenceUs": {
    "mean": 811.1,
    "median": 811.5,
    "stddev": 6.208417225383973,
    "min": 799.0,
    "max": 820.0,
    "n": 10,
    "relCi95": 0.004744195367993974
  },
  "time": {
    "oracle": {
      "coldNormalized": 29.630987170131537,
      "warmNormalized": 0.01341188309502944,
      "coldNormalizedRelCi95": 0.009146123187139251,
      "warmNormalizedRelCi95": 0.005278355446146913,
      "coldUsPerCall": {
        "mean": 240.3369369369369,
        "median": 240.46396396396398,
        "stddev": 3.0320894675969723,
        "min": 236.38288288288288,
        "max": 246.07207207207207,
        "n": 10,
        "relCi95": 0.00781947438544502
      },
      "warmUsPerCall": {
        "mean": 0.1087837837837838,
        "median": 0.10896396396396396,
        "stddev": 0.0004060999500389942,
        "min": 0.10779279279279279,
        "max": 0.10914414414414414,
        "n": 10,
        "relCi95": 0.002313794832342162
      }
    },
    "common": {
      "coldNormalized": 16.076661966788315,
      "warmNormalized": 0.013006266448094418,
      "coldNormalizedRelCi95": 0.01505212300727171,
      "warmNormalizedRelCi95": 0.008898461803660959,
      "coldUsPerCall": {
        "mean": 130.39780521262003,
        "median": 129.0925925925926,
        "stddev": 4.032072739752105,
        "min": 127.49382716049382,
        "max": 143.65432098765433,
        "n": 18,
        "relCi95": 0.0142849227276994
      },
      "warmUsPerCall": {
        "mean": 0.10549382716049382,
        "median": 0.1048148148148148,
        "stddev": 0.0012813495865794454,
        "min": 0.10425925925925926,
        "max": 0.10759259259259259,
        "n": 10,
        "relCi95": 0.007528295476501806
      }
    }
  },
  "memory": {
    "churnBytes": 16547392,
    "churnObjects": 141409,
    "churnBytesPerCall": 74537.8018018018,
    "retainedBytes": 812272,
    "liveHeapBytes": 16547392
  },
  "counters": {
    "cacheHits": 0,
    "cacheMisses": 222,
    "rootsConsidered": 1138,
    "templatesEvaluated": 30726,
    "candidatesProduced": 13809,
    "candidatesRanked": 2087
  }
}