{
  "meta": {
    "oracleSize": 178,
    "commonSize": 81,
    "dartVersion": "3.12.2 (stable) (Tue Jun 9 01:11:39 2026 -0700) on \"macos_arm64\"",
    "targetRelCi95": 0.015,
    "referenceIterations": 400000,
    "referenceDisplayScale": 100.0,
    "countersEnabled": true
  },
  "referenceUs": {
    "mean": 815.2,
    "median": 814.5,
    "stddev": 9.795690662508466,
    "min": 800.0,
    "max": 829.0,
    "n": 10,
    "relCi95": 0.007447782108197031
  },
  "time": {
    "oracle": {
      "coldNormalized": 51.22779548135978,
      "warmNormalized": 0.012759328378780695,
      "coldNormalizedRelCi95": 0.011163124560019107,
      "warmNormalizedRelCi95": 0.009360093826016148,
      "coldUsPerCall": {
        "mean": 417.6089887640449,
        "median": 416.5730337078652,
        "stddev": 5.602694693360858,
        "min": 412.2415730337079,
        "max": 431.2134831460674,
        "n": 10,
        "relCi95": 0.008315400868949253
      },
      "warmUsPerCall": {
        "mean": 0.10401404494382023,
        "median": 0.10393258426966293,
        "stddev": 0.0009514186806693359,
        "min": 0.10297752808988764,
        "max": 0.10592696629213483,
        "n": 10,
        "relCi95": 0.005669382514934569
      }
    },
    "common": {
      "coldNormalized": 44.09294394165181,
      "warmNormalized": 0.012980227528804563,
      "coldNormalizedRelCi95": 0.008468428076784608,
      "warmNormalizedRelCi95": 0.01192774690516123,
      "coldUsPerCall": {
        "mean": 359.4456790123456,
        "median": 359.09876543209873,
        "stddev": 2.3374083489267137,
        "min": 356.44444444444446,
        "max": 364.25925925925924,
        "n": 10,
        "relCi95": 0.004030485797083775
      },
      "warmUsPerCall": {
        "mean": 0.1058148148148148,
        "median": 0.1055246913580247,
        "stddev": 0.0015905762376262904,
        "min": 0.10419753086419753,
        "max": 0.10839506172839507,
        "n": 10,
        "relCi95": 0.00931674234388842
      }
    }
  },
  "memory": {
    "churnBytes": 16272656,
    "churnObjects": 138937,
    "churnBytesPerCall": 91419.41573033707,
    "retainedBytes": 682736,
    "liveHeapBytes": 16272656
  },
  "counters": {
    "cacheHits": 0,
    "cacheMisses": 178,
    "rootsConsidered": 885,
    "templatesEvaluated": 23010,
    "candidatesProduced": 12747,
    "candidatesRanked": 2061
  }
}