{
  "meta": {
    "oracleSize": 170,
    "commonSize": 81,
    "dartVersion": "3.12.2 (stable) (Tue Jun 9 01:11:39 2026 -0700) on \"macos_arm64\"",
    "targetRelCi95": 0.015,
    "referenceIterations": 400000,
    "referenceDisplayScale": 100.0,
    "countersEnabled": true
  },
  "referenceUs": {
    "mean": 824.7,
    "median": 827.0,
    "stddev": 19.83291316081539,
    "min": 799.0,
    "max": 857.0,
    "n": 10,
    "relCi95": 0.014905501311996076
  },
  "time": {
    "oracle": {
      "coldNormalized": 85.33741324831132,
      "warmNormalized": 0.012504725426001612,
      "coldNormalizedRelCi95": 0.016059919404372385,
      "warmNormalizedRelCi95": 0.018065247718339967,
      "coldUsPerCall": {
        "mean": 703.7776470588235,
        "median": 702.635294117647,
        "stddev": 6.788900636846728,
        "min": 693.7294117647059,
        "max": 718.7882352941176,
        "n": 10,
        "relCi95": 0.005978882998773256
      },
      "warmUsPerCall": {
        "mean": 0.10312647058823529,
        "median": 0.10277941176470588,
        "stddev": 0.0016982616573044656,
        "min": 0.10152941176470588,
        "max": 0.10638235294117647,
        "n": 10,
        "relCi95": 0.010206821530871922
      }
    },
    "common": {
      "coldNormalized": 20.63945891330934,
      "warmNormalized": 0.01282097343291313,
      "coldNormalizedRelCi95": 0.02104320663427207,
      "warmNormalizedRelCi95": 0.01756957407448463,
      "coldUsPerCall": {
        "mean": 170.21361765806213,
        "median": 167.65432098765433,
        "stddev": 7.410369446902564,
        "min": 165.0,
        "max": 196.1851851851852,
        "n": 33,
        "relCi95": 0.01485404241581245
      },
      "warmUsPerCall": {
        "mean": 0.10573456790123459,
        "median": 0.10512345679012346,
        "stddev": 0.0015867519787915354,
        "min": 0.10425925925925926,
        "max": 0.10882716049382717,
        "n": 10,
        "relCi95": 0.009301395798313593
      }
    }
  },
  "memory": {
    "churnBytes": 16767856,
    "churnObjects": 141725,
    "churnBytesPerCall": 98634.44705882353,
    "retainedBytes": 659872,
    "liveHeapBytes": 16767856
  },
  "counters": {
    "cacheHits": 0,
    "cacheMisses": 170,
    "rootsConsidered": 878,
    "templatesEvaluated": 22828,
    "candidatesProduced": 13149,
    "candidatesRanked": 2310
  }
}