{
  "meta": {
    "oracleSize": 194,
    "commonSize": 81,
    "dartVersion": "3.12.2 (stable) (Tue Jun 9 01:11:39 2026 -0700) on \"macos_arm64\"",
    "targetRelCi95": 0.015,
    "referenceIterations": 400000,
    "referenceDisplayScale": 100.0,
    "countersEnabled": true
  },
  "referenceUs": {
    "mean": 818.2,
    "median": 819.5,
    "stddev": 8.651268372004445,
    "min": 807.0,
    "max": 834.0,
    "n": 10,
    "relCi95": 0.006553546431389072
  },
  "time": {
    "oracle": {
      "coldNormalized": 29.575230516068714,
      "warmNormalized": 0.012807848256293044,
      "coldNormalizedRelCi95": 0.012315114836610947,
      "warmNormalizedRelCi95": 0.007763590600237341,
      "coldUsPerCall": {
        "mean": 241.98453608247422,
        "median": 241.53092783505156,
        "stddev": 4.070731401939824,
        "min": 236.8762886597938,
        "max": 249.26288659793815,
        "n": 10,
        "relCi95": 0.010426556603718344
      },
      "warmUsPerCall": {
        "mean": 0.1047938144329897,
        "median": 0.105,
        "stddev": 0.0007037335881880547,
        "min": 0.10373711340206186,
        "max": 0.10590206185567011,
        "n": 10,
        "relCi95": 0.0041622551795536455
      }
    },
    "common": {
      "coldNormalized": 15.991488043960953,
      "warmNormalized": 0.012656508867704176,
      "coldNormalizedRelCi95": 0.016037595087495134,
      "warmNormalizedRelCi95": 0.011440800179259154,
      "coldUsPerCall": {
        "mean": 130.8423551756885,
        "median": 129.53086419753086,
        "stddev": 3.5231402533079543,
        "min": 127.75308641975309,
        "max": 140.69135802469137,
        "n": 13,
        "relCi95": 0.014637468543504221
      },
      "warmUsPerCall": {
        "mean": 0.10355555555555558,
        "median": 0.1028395061728395,
        "stddev": 0.0015668153460794477,
        "min": 0.10234567901234567,
        "max": 0.10691358024691358,
        "n": 10,
        "relCi95": 0.009377789607011015
      }
    }
  },
  "memory": {
    "churnBytes": 16431808,
    "churnObjects": 140024,
    "churnBytesPerCall": 84700.0412371134,
    "retainedBytes": 735296,
    "liveHeapBytes": 16431808
  },
  "counters": {
    "cacheHits": 0,
    "cacheMisses": 194,
    "rootsConsidered": 984,
    "templatesEvaluated": 26568,
    "candidatesProduced": 11874,
    "candidatesRanked": 1816
  }
}