{
  "meta": {
    "oracleSize": 240,
    "commonSize": 81,
    "dartVersion": "3.12.2 (stable) (Tue Jun 9 01:11:39 2026 -0700) on \"macos_arm64\"",
    "targetRelCi95": 0.015,
    "referenceIterations": 400000,
    "referenceDisplayScale": 100.0,
    "countersEnabled": true
  },
  "referenceUs": {
    "mean": 807.9333333333333,
    "median": 806.5,
    "stddev": 7.404254756945299,
    "min": 799.0,
    "max": 824.0,
    "n": 30,
    "relCi95": 0.00327945193898506,
    "converged": true
  },
  "time": {
    "oracle": {
      "coldNormalized": 29.087039634733344,
      "warmNormalized": 0.013802448634375776,
      "coldNormalizedRelCi95": 0.00753527907295915,
      "warmNormalizedRelCi95": 0.0037232713966435624,
      "coldUsPerCall": {
        "mean": 235.0038888888889,
        "median": 233.40208333333334,
        "stddev": 4.45532567651124,
        "min": 229.54583333333332,
        "max": 245.34583333333333,
        "n": 30,
        "relCi95": 0.006784218870825383,
        "converged": true
      },
      "warmUsPerCall": {
        "mean": 0.11151458333333335,
        "median": 0.11133333333333334,
        "stddev": 0.0005493800385199089,
        "min": 0.11095833333333334,
        "max": 0.11345833333333333,
        "n": 30,
        "relCi95": 0.0017629364347449496,
        "converged": true
      }
    },
    "common": {
      "coldNormalized": 16.216246502023658,
      "warmNormalized": 0.013005544808223796,
      "coldNormalizedRelCi95": 0.015339886745161246,
      "warmNormalizedRelCi95": 0.005180739627309588,
      "coldUsPerCall": {
        "mean": 131.0164609053498,
        "median": 128.89506172839506,
        "stddev": 6.010140870282577,
        "min": 127.24691358024691,
        "max": 157.7283950617284,
        "n": 36,
        "relCi95": 0.014985236746019757,
        "converged": true
      },
      "warmUsPerCall": {
        "mean": 0.10507613168724278,
        "median": 0.10453703703703704,
        "stddev": 0.0011776673876747901,
        "min": 0.10401234567901235,
        "max": 0.1082716049382716,
        "n": 30,
        "relCi95": 0.004010643098788899,
        "converged": true
      }
    }
  },
  "memory": {
    "churnBytes": 16741440,
    "churnObjects": 143170,
    "churnBytesPerCall": 69756.0,
    "retainedBytes": 866592,
    "liveHeapBytes": 16741440
  },
  "counters": {
    "cacheHits": 0,
    "cacheMisses": 240,
    "rootsConsidered": 1234,
    "templatesEvaluated": 33318,
    "candidatesProduced": 14952,
    "candidatesRanked": 2234
  }
}