{
  "meta": {
    "oracleSize": 185,
    "commonSize": 81,
    "dartVersion": "3.12.2 (stable) (Tue Jun 9 01:11:39 2026 -0700) on \"macos_arm64\"",
    "targetRelCi95": 0.015,
    "referenceIterations": 400000,
    "referenceDisplayScale": 100.0,
    "countersEnabled": true
  },
  "referenceUs": {
    "mean": 802.5,
    "median": 800.0,
    "stddev": 3.6285901761795403,
    "min": 800.0,
    "max": 808.0,
    "n": 10,
    "relCi95": 0.002802521485108592
  },
  "time": {
    "oracle": {
      "coldNormalized": 69.44676265050096,
      "warmNormalized": 0.012473183463837668,
      "coldNormalizedRelCi95": 0.007463389817810852,
      "warmNormalizedRelCi95": 0.0038447879819918295,
      "coldUsPerCall": {
        "mean": 557.3102702702702,
        "median": 558.2756756756756,
        "stddev": 6.21975311312659,
        "min": 549.8162162162162,
        "max": 566.3945945945947,
        "n": 10,
        "relCi95": 0.006917229278989343
      },
      "warmUsPerCall": {
        "mean": 0.1000972972972973,
        "median": 0.10024324324324324,
        "stddev": 0.00042508777745008873,
        "min": 0.09927027027027027,
        "max": 0.10054054054054054,
        "n": 10,
        "relCi95": 0.0026321603203402215
      }
    },
    "common": {
      "coldNormalized": 17.888826138265934,
      "warmNormalized": 0.012241067651244185,
      "coldNormalizedRelCi95": 0.015243416020929402,
      "warmNormalizedRelCi95": 0.010882331037764167,
      "coldUsPerCall": {
        "mean": 143.55782975958414,
        "median": 141.48148148148147,
        "stddev": 6.765161052990939,
        "min": 139.1851851851852,
        "max": 170.0,
        "n": 38,
        "relCi95": 0.014983577854191965
      },
      "warmUsPerCall": {
        "mean": 0.09823456790123458,
        "median": 0.09712962962962962,
        "stddev": 0.0016665904570291549,
        "min": 0.09691358024691359,
        "max": 0.10067901234567901,
        "n": 10,
        "relCi95": 0.010515274705921384
      }
    }
  },
  "memory": {
    "churnBytes": 16847168,
    "churnObjects": 142560,
    "churnBytesPerCall": 91065.77297297298,
    "retainedBytes": 697552,
    "liveHeapBytes": 16847168
  },
  "counters": {
    "cacheHits": 0,
    "cacheMisses": 185,
    "rootsConsidered": 938,
    "templatesEvaluated": 24388,
    "candidatesProduced": 13753,
    "candidatesRanked": 2215
  }
}