{
  "meta": {
    "oracleSize": 140,
    "commonSize": 81,
    "dartVersion": "3.12.2 (stable) (Tue Jun 9 01:11:39 2026 -0700) on \"macos_arm64\"",
    "targetRelCi95": 0.015,
    "referenceIterations": 400000,
    "referenceDisplayScale": 100.0,
    "countersEnabled": true
  },
  "referenceUs": {
    "mean": 806.1,
    "median": 804.5,
    "stddev": 6.367451958550173,
    "min": 799.0,
    "max": 816.0,
    "n": 10,
    "relCi95": 0.004895903252475929
  },
  "time": {
    "oracle": {
      "coldNormalized": 100.12733265989685,
      "warmNormalized": 0.012400535204777855,
      "coldNormalizedRelCi95": 0.00930940182981521,
      "warmNormalizedRelCi95": 0.008964880011141946,
      "coldUsPerCall": {
        "mean": 807.1264285714285,
        "median": 808.6357142857142,
        "stddev": 10.311035328544113,
        "min": 788.7571428571429,
        "max": 824.8785714285714,
        "n": 10,
        "relCi95": 0.007918023350013714
      },
      "warmUsPerCall": {
        "mean": 0.09996071428571429,
        "median": 0.09982142857142857,
        "stddev": 0.001211183010826309,
        "min": 0.09828571428571428,
        "max": 0.10260714285714286,
        "n": 10,
        "relCi95": 0.0075099404096549294
      }
    },
    "common": {
      "coldNormalized": 21.073337151952984,
      "warmNormalized": 0.0129682467481748,
      "coldNormalizedRelCi95": 0.015705228326178593,
      "warmNormalizedRelCi95": 0.015469611904075658,
      "coldUsPerCall": {
        "mean": 169.872170781893,
        "median": 166.679012345679,
        "stddev": 8.960486932628276,
        "min": 163.34567901234567,
        "max": 203.82716049382717,
        "n": 48,
        "relCi95": 0.014922611303649174
      },
      "warmUsPerCall": {
        "mean": 0.10453703703703705,
        "median": 0.10373456790123456,
        "stddev": 0.002475001605839246,
        "min": 0.10160493827160494,
        "max": 0.10833333333333334,
        "n": 10,
        "relCi95": 0.014674434360653051
      }
    }
  },
  "memory": {
    "churnBytes": 16467136,
    "churnObjects": 139109,
    "churnBytesPerCall": 117622.4,
    "retainedBytes": 587536,
    "liveHeapBytes": 16467136
  },
  "counters": {
    "cacheHits": 0,
    "cacheMisses": 140,
    "rootsConsidered": 765,
    "templatesEvaluated": 19890,
    "candidatesProduced": 11983,
    "candidatesRanked": 2122
  }
}