{
  "meta": {
    "oracleSize": 185,
    "commonSize": 81,
    "dartVersion": "3.12.2 (stable) (Tue Jun 9 01:11:39 2026 -0700) on \"macos_arm64\"",
    "targetRelCi95": 0.015,
    "referenceIterations": 400000,
    "referenceDisplayScale": 100.0,
    "countersEnabled": true
  },
  "referenceUs": {
    "mean": 819.0,
    "median": 818.0,
    "stddev": 10.718623460542352,
    "min": 803.0,
    "max": 838.0,
    "n": 10,
    "relCi95": 0.00811168699552849
  },
  "time": {
    "oracle": {
      "coldNormalized": 64.56793056793057,
      "warmNormalized": 0.012309342309342308,
      "coldNormalizedRelCi95": 0.011234248041414695,
      "warmNormalizedRelCi95": 0.009575727478194438,
      "coldUsPerCall": {
        "mean": 528.8113513513514,
        "median": 529.1810810810811,
        "stddev": 6.631244316489079,
        "min": 521.3837837837838,
        "max": 541.372972972973,
        "n": 10,
        "relCi95": 0.007772313886006143
      },
      "warmUsPerCall": {
        "mean": 0.1008135135135135,
        "median": 0.10075675675675676,
        "stddev": 0.0008276970337490478,
        "min": 0.09935135135135136,
        "max": 0.10245945945945946,
        "n": 10,
        "relCi95": 0.005088721924336403
      }
    },
    "common": {
      "coldNormalized": 17.112739112739117,
      "warmNormalized": 0.012089419496826903,
      "coldNormalizedRelCi95": 0.017037144566126233,
      "warmNormalizedRelCi95": 0.010568298825581114,
      "coldUsPerCall": {
        "mean": 140.15333333333336,
        "median": 137.3827160493827,
        "stddev": 7.57541645607579,
        "min": 135.45679012345678,
        "max": 174.2962962962963,
        "n": 50,
        "relCi95": 0.014982150348119547
      },
      "warmUsPerCall": {
        "mean": 0.09901234567901235,
        "median": 0.09854938271604938,
        "stddev": 0.0010821558676794001,
        "min": 0.09802469135802469,
        "max": 0.10092592592592593,
        "n": 10,
        "relCi95": 0.006774177009301805
      }
    }
  },
  "memory": {
    "churnBytes": 16664848,
    "churnObjects": 141399,
    "churnBytesPerCall": 90080.25945945946,
    "retainedBytes": 696672,
    "liveHeapBytes": 16664848
  },
  "counters": {
    "cacheHits": 0,
    "cacheMisses": 185,
    "rootsConsidered": 938,
    "templatesEvaluated": 24388,
    "candidatesProduced": 13753,
    "candidatesRanked": 2185
  }
}