{
  "meta": {
    "oracleSize": 234,
    "commonSize": 81,
    "dartVersion": "3.12.2 (stable) (Tue Jun 9 01:11:39 2026 -0700) on \"macos_arm64\"",
    "targetRelCi95": 0.015,
    "referenceIterations": 400000,
    "referenceDisplayScale": 100.0,
    "countersEnabled": true
  },
  "referenceUs": {
    "mean": 812.0,
    "median": 810.0,
    "stddev": 6.182412330330469,
    "min": 804.0,
    "max": 821.0,
    "n": 10,
    "relCi95": 0.004719087268519828
  },
  "time": {
    "oracle": {
      "coldNormalized": 29.176034693276073,
      "warmNormalized": 0.013416277209380658,
      "coldNormalizedRelCi95": 0.012719289142121797,
      "warmNormalizedRelCi95": 0.0048708674312177135,
      "coldUsPerCall": {
        "mean": 236.90940170940172,
        "median": 236.16239316239316,
        "stddev": 4.514708571485265,
        "min": 231.4145299145299,
        "max": 246.51709401709402,
        "n": 10,
        "relCi95": 0.01181145764217912
      },
      "warmUsPerCall": {
        "mean": 0.10894017094017094,
        "median": 0.10892094017094017,
        "stddev": 0.00021205463322995132,
        "min": 0.1086965811965812,
        "max": 0.10927350427350427,
        "n": 10,
        "relCi95": 0.0012064679376558311
      }
    },
    "common": {
      "coldNormalized": 15.957398284984489,
      "warmNormalized": 0.012575259989053091,
      "coldNormalizedRelCi95": 0.015593117130588583,
      "warmNormalizedRelCi95": 0.00932397602157895,
      "coldUsPerCall": {
        "mean": 129.57407407407405,
        "median": 128.61728395061726,
        "stddev": 3.676206091117275,
        "min": 127.19753086419753,
        "max": 142.06172839506172,
        "n": 14,
        "relCi95": 0.014861881347943444
      },
      "warmUsPerCall": {
        "mean": 0.10211111111111111,
        "median": 0.10132716049382716,
        "stddev": 0.0013248216862905436,
        "min": 0.10074074074074074,
        "max": 0.10401234567901235,
        "n": 10,
        "relCi95": 0.008041563542189621
      }
    }
  },
  "memory": {
    "churnBytes": 16622064,
    "churnObjects": 142145,
    "churnBytesPerCall": 71034.46153846153,
    "retainedBytes": 845216,
    "liveHeapBytes": 16622064
  },
  "counters": {
    "cacheHits": 0,
    "cacheMisses": 234,
    "rootsConsidered": 1190,
    "templatesEvaluated": 32130,
    "candidatesProduced": 14345,
    "candidatesRanked": 2182
  }
}