{
  "meta": {
    "oracleSize": 200,
    "commonSize": 81,
    "dartVersion": "3.12.2 (stable) (Tue Jun 9 01:11:39 2026 -0700) on \"macos_arm64\"",
    "targetRelCi95": 0.015,
    "referenceIterations": 400000,
    "referenceDisplayScale": 100.0,
    "countersEnabled": true
  },
  "referenceUs": {
    "mean": 813.0,
    "median": 814.0,
    "stddev": 7.363574011458174,
    "min": 803.0,
    "max": 829.0,
    "n": 10,
    "relCi95": 0.0056137643993904125
  },
  "time": {
    "oracle": {
      "coldNormalized": 29.60264452644526,
      "warmNormalized": 0.013100861008610088,
      "coldNormalizedRelCi95": 0.009890041107165643,
      "warmNormalizedRelCi95": 0.006933986507293996,
      "coldUsPerCall": {
        "mean": 240.66949999999997,
        "median": 240.10750000000002,
        "stddev": 3.161673651371651,
        "min": 236.315,
        "max": 246.23,
        "n": 10,
        "relCi95": 0.00814239291422141
      },
      "warmUsPerCall": {
        "mean": 0.10651000000000002,
        "median": 0.10678750000000001,
        "stddev": 0.0006994243664932218,
        "min": 0.105475,
        "max": 0.107325,
        "n": 10,
        "relCi95": 0.004070112793458186
      }
    },
    "common": {
      "coldNormalized": 15.914840629887781,
      "warmNormalized": 0.01249601384902738,
      "coldNormalizedRelCi95": 0.007416496694985583,
      "warmNormalizedRelCi95": 0.010202539168954125,
      "coldUsPerCall": {
        "mean": 129.38765432098765,
        "median": 129.4691358024691,
        "stddev": 1.0117633575611917,
        "min": 128.35802469135803,
        "max": 131.34567901234567,
        "n": 10,
        "relCi95": 0.004846655805281501
      },
      "warmUsPerCall": {
        "mean": 0.1015925925925926,
        "median": 0.1012962962962963,
        "stddev": 0.0013963903502469002,
        "min": 0.10018518518518518,
        "max": 0.10462962962962963,
        "n": 10,
        "relCi95": 0.008519240269072116
      }
    }
  },
  "memory": {
    "churnBytes": 16423568,
    "churnObjects": 140135,
    "churnBytesPerCall": 82117.84,
    "retainedBytes": 754048,
    "liveHeapBytes": 16423568
  },
  "counters": {
    "cacheHits": 0,
    "cacheMisses": 200,
    "rootsConsidered": 1018,
    "templatesEvaluated": 27486,
    "candidatesProduced": 12310,
    "candidatesRanked": 1873
  }
}