{
  "meta": {
    "oracleSize": 222,
    "commonSize": 81,
    "dartVersion": "3.12.2 (stable) (Tue Jun 9 01:11:39 2026 -0700) on \"macos_arm64\"",
    "targetRelCi95": 0.015,
    "referenceIterations": 400000,
    "referenceDisplayScale": 100.0,
    "countersEnabled": true
  },
  "referenceUs": {
    "mean": 807.9,
    "median": 808.5,
    "stddev": 4.605552204797065,
    "min": 799.0,
    "max": 815.0,
    "n": 10,
    "relCi95": 0.0035332972281147674
  },
  "time": {
    "oracle": {
      "coldNormalized": 29.689306833755406,
      "warmNormalized": 0.013172567294364548,
      "coldNormalizedRelCi95": 0.008657865429130674,
      "warmNormalizedRelCi95": 0.004098189651313656,
      "coldUsPerCall": {
        "mean": 239.8599099099099,
        "median": 240.3310810810811,
        "stddev": 3.058812078459761,
        "min": 235.83783783783784,
        "max": 244.04504504504504,
        "n": 10,
        "relCi95": 0.007904077712594467
      },
      "warmUsPerCall": {
        "mean": 0.10642117117117118,
        "median": 0.10640765765765765,
        "stddev": 0.0003564999050103138,
        "min": 0.10574324324324325,
        "max": 0.1070945945945946,
        "n": 10,
        "relCi95": 0.002076287339442894
      }
    },
    "common": {
      "coldNormalized": 16.070689070647816,
      "warmNormalized": 0.012838497613841099,
      "coldNormalizedRelCi95": 0.014916762995148804,
      "warmNormalizedRelCi95": 0.008917351953054242,
      "coldUsPerCall": {
        "mean": 129.8350970017637,
        "median": 128.84567901234567,
        "stddev": 3.5919989430081443,
        "min": 128.22222222222223,
        "max": 142.09876543209876,
        "n": 14,
        "relCi95": 0.014492261002039578
      },
      "warmUsPerCall": {
        "mean": 0.10372222222222223,
        "median": 0.10314814814814816,
        "stddev": 0.0013701448176320675,
        "min": 0.10246913580246914,
        "max": 0.10635802469135802,
        "n": 10,
        "relCi95": 0.008187489026095656
      }
    }
  },
  "memory": {
    "churnBytes": 16571392,
    "churnObjects": 141570,
    "churnBytesPerCall": 74645.90990990991,
    "retainedBytes": 812304,
    "liveHeapBytes": 16571392
  },
  "counters": {
    "cacheHits": 0,
    "cacheMisses": 222,
    "rootsConsidered": 1138,
    "templatesEvaluated": 30726,
    "candidatesProduced": 13809,
    "candidatesRanked": 2087
  }
}