{
  "meta": {
    "oracleSize": 237,
    "commonSize": 81,
    "dartVersion": "3.12.2 (stable) (Tue Jun 9 01:11:39 2026 -0700) on \"macos_arm64\"",
    "targetRelCi95": 0.015,
    "referenceIterations": 400000,
    "referenceDisplayScale": 100.0,
    "countersEnabled": true
  },
  "referenceUs": {
    "mean": 819.0,
    "median": 812.0,
    "stddev": 20.453939384960453,
    "min": 800.0,
    "max": 872.0,
    "n": 12,
    "relCi95": 0.014130531943464352
  },
  "time": {
    "oracle": {
      "coldNormalized": 28.432327166504376,
      "warmNormalized": 0.01357320597826927,
      "coldNormalizedRelCi95": 0.016700757956179747,
      "warmNormalizedRelCi95": 0.014507155210165016,
      "coldUsPerCall": {
        "mean": 232.86075949367086,
        "median": 232.75527426160338,
        "stddev": 3.3444271703557797,
        "min": 227.76371308016877,
        "max": 239.13080168776372,
        "n": 10,
        "relCi95": 0.008901875269044984
      },
      "warmUsPerCall": {
        "mean": 0.11116455696202532,
        "median": 0.11108649789029536,
        "stddev": 0.0005890237595043004,
        "min": 0.11044303797468355,
        "max": 0.1120464135021097,
        "n": 10,
        "relCi95": 0.003284146660329221
      }
    },
    "common": {
      "coldNormalized": 15.382052789460195,
      "warmNormalized": 0.012299703040443779,
      "coldNormalizedRelCi95": 0.01504705176760575,
      "warmNormalizedRelCi95": 0.01604929664632406,
      "coldUsPerCall": {
        "mean": 125.97901234567901,
        "median": 125.89506172839506,
        "stddev": 1.051084716747198,
        "min": 124.75308641975309,
        "max": 128.2469135802469,
        "n": 10,
        "relCi95": 0.005171250708652688
      },
      "warmUsPerCall": {
        "mean": 0.10073456790123456,
        "median": 0.10067901234567901,
        "stddev": 0.0012367778574088994,
        "min": 0.09919753086419753,
        "max": 0.10296296296296296,
        "n": 10,
        "relCi95": 0.007609729945040249
      }
    }
  },
  "memory": {
    "churnBytes": 16676448,
    "churnObjects": 142559,
    "churnBytesPerCall": 70364.75949367089,
    "retainedBytes": 857200,
    "liveHeapBytes": 16676448
  },
  "counters": {
    "cacheHits": 0,
    "cacheMisses": 237,
    "rootsConsidered": 1219,
    "templatesEvaluated": 32913,
    "candidatesProduced": 14757,
    "candidatesRanked": 2184
  }
}