{
  "meta": {
    "oracleSize": 217,
    "commonSize": 81,
    "dartVersion": "3.12.2 (stable) (Tue Jun 9 01:11:39 2026 -0700) on \"macos_arm64\"",
    "targetRelCi95": 0.015,
    "referenceIterations": 400000,
    "referenceDisplayScale": 100.0,
    "countersEnabled": true
  },
  "referenceUs": {
    "mean": 810.2,
    "median": 807.5,
    "stddev": 8.230026326405849,
    "min": 801.0,
    "max": 825.0,
    "n": 10,
    "relCi95": 0.00629600489427278
  },
  "time": {
    "oracle": {
      "coldNormalized": 29.562593067422622,
      "warmNormalized": 0.013264631706115686,
      "coldNormalizedRelCi95": 0.011223631430876638,
      "warmNormalizedRelCi95": 0.006724509665594012,
      "coldUsPerCall": {
        "mean": 239.5161290322581,
        "median": 239.110599078341,
        "stddev": 3.5905429727379414,
        "min": 235.3917050691244,
        "max": 245.5299539170507,
        "n": 10,
        "relCi95": 0.00929140596828355
      },
      "warmUsPerCall": {
        "mean": 0.1074700460829493,
        "median": 0.10756912442396313,
        "stddev": 0.0004095654076729197,
        "min": 0.10652073732718895,
        "max": 0.10788018433179723,
        "n": 10,
        "relCi95": 0.002362065328046727
      }
    },
    "common": {
      "coldNormalized": 15.935099091521375,
      "warmNormalized": 0.012728148209099411,
      "coldNormalizedRelCi95": 0.009892592600982247,
      "warmNormalizedRelCi95": 0.012042521627291802,
      "coldUsPerCall": {
        "mean": 129.10617283950617,
        "median": 128.61111111111111,
        "stddev": 1.589428061527135,
        "min": 127.25925925925925,
        "max": 131.65432098765433,
        "n": 10,
        "relCi95": 0.0076304463002043275
      },
      "warmUsPerCall": {
        "mean": 0.10312345679012344,
        "median": 0.1023148148148148,
        "stddev": 0.0017079924548662972,
        "min": 0.10185185185185185,
        "max": 0.10685185185185185,
        "n": 10,
        "relCi95": 0.01026560517042634
      }
    }
  },
  "memory": {
    "churnBytes": 16509136,
    "churnObjects": 141020,
    "churnBytesPerCall": 76078.96774193548,
    "retainedBytes": 796352,
    "liveHeapBytes": 16509136
  },
  "counters": {
    "cacheHits": 0,
    "cacheMisses": 217,
    "rootsConsidered": 1105,
    "templatesEvaluated": 29835,
    "candidatesProduced": 13359,
    "candidatesRanked": 2039
  }
}