{
  "meta": {
    "oracleSize": 150,
    "commonSize": 81,
    "dartVersion": "3.12.2 (stable) (Tue Jun 9 01:11:39 2026 -0700) on \"macos_arm64\"",
    "targetRelCi95": 0.015,
    "referenceIterations": 400000,
    "referenceDisplayScale": 100.0,
    "countersEnabled": true
  },
  "referenceUs": {
    "mean": 807.7,
    "median": 806.0,
    "stddev": 7.071853442423076,
    "min": 799.0,
    "max": 819.0,
    "n": 10,
    "relCi95": 0.005426742818823859
  },
  "time": {
    "oracle": {
      "coldNormalized": 93.94337831703191,
      "warmNormalized": 0.012516273293789697,
      "coldNormalizedRelCi95": 0.008783679047224937,
      "warmNormalizedRelCi95": 0.014945565657206727,
      "coldUsPerCall": {
        "mean": 758.7806666666668,
        "median": 759.87,
        "stddev": 8.455420615071588,
        "min": 745.1933333333334,
        "max": 769.6933333333334,
        "n": 10,
        "relCi95": 0.006906770590008188
      },
      "warmUsPerCall": {
        "mean": 0.10109393939393939,
        "median": 0.1006,
        "stddev": 0.0023821940485293154,
        "min": 0.09866666666666667,
        "max": 0.10783333333333334,
        "n": 11,
        "relCi95": 0.01392553033791607
      }
    },
    "common": {
      "coldNormalized": 20.738661983348536,
      "warmNormalized": 0.012761430490785448,
      "coldNormalizedRelCi95": 0.015257494492463225,
      "warmNormalizedRelCi95": 0.008221490496418377,
      "coldUsPerCall": {
        "mean": 167.50617283950615,
        "median": 165.8148148148148,
        "stddev": 4.719907560578705,
        "min": 164.39506172839506,
        "max": 181.55555555555554,
        "n": 15,
        "relCi95": 0.01425978963960862
      },
      "warmUsPerCall": {
        "mean": 0.10307407407407407,
        "median": 0.10305555555555557,
        "stddev": 0.0010270767350043146,
        "min": 0.10166666666666667,
        "max": 0.10469135802469136,
        "n": 10,
        "relCi95": 0.0061760317648989925
      }
    }
  },
  "memory": {
    "churnBytes": 16549392,
    "churnObjects": 139865,
    "churnBytesPerCall": 110329.28,
    "retainedBytes": 609968,
    "liveHeapBytes": 16549392
  },
  "counters": {
    "cacheHits": 0,
    "cacheMisses": 150,
    "rootsConsidered": 798,
    "templatesEvaluated": 20748,
    "candidatesProduced": 12262,
    "candidatesRanked": 2172
  }
}