{
  "meta": {
    "oracleSize": 172,
    "commonSize": 81,
    "dartVersion": "3.12.2 (stable) (Tue Jun 9 01:11:39 2026 -0700) on \"macos_arm64\"",
    "targetRelCi95": 0.015,
    "referenceIterations": 400000,
    "referenceDisplayScale": 100.0,
    "countersEnabled": true
  },
  "referenceUs": {
    "mean": 818.2,
    "median": 817.0,
    "stddev": 11.173381065928274,
    "min": 805.0,
    "max": 836.0,
    "n": 10,
    "relCi95": 0.008464108205002851
  },
  "time": {
    "oracle": {
      "coldNormalized": 84.9438358734147,
      "warmNormalized": 0.012331024426847362,
      "coldNormalizedRelCi95": 0.012155733383755127,
      "warmNormalizedRelCi95": 0.010439838786507111,
      "coldUsPerCall": {
        "mean": 695.0104651162791,
        "median": 692.8633720930233,
        "stddev": 9.783330715161306,
        "min": 684.9941860465116,
        "max": 712.6976744186046,
        "n": 10,
        "relCi95": 0.008724719272901695
      },
      "warmUsPerCall": {
        "mean": 0.10089244186046512,
        "median": 0.1011046511627907,
        "stddev": 0.000994815786470782,
        "min": 0.09968023255813953,
        "max": 0.10255813953488373,
        "n": 10,
        "relCi95": 0.006111391509489608
      }
    },
    "common": {
      "coldNormalized": 20.57293102677279,
      "warmNormalized": 0.012538061568453485,
      "coldNormalizedRelCi95": 0.016535646165473015,
      "warmNormalizedRelCi95": 0.011311099009432557,
      "coldUsPerCall": {
        "mean": 168.32772166105497,
        "median": 166.97530864197532,
        "stddev": 4.0461495811517905,
        "min": 165.88888888888889,
        "max": 180.09876543209876,
        "n": 11,
        "relCi95": 0.014205156331548268
      },
      "warmUsPerCall": {
        "mean": 0.10258641975308642,
        "median": 0.1023148148148148,
        "stddev": 0.0012419020832711667,
        "min": 0.1012962962962963,
        "max": 0.10450617283950617,
        "n": 10,
        "relCi95": 0.007503321470868056
      }
    }
  },
  "memory": {
    "churnBytes": 16754560,
    "churnObjects": 141651,
    "churnBytesPerCall": 97410.23255813954,
    "retainedBytes": 663728,
    "liveHeapBytes": 16754560
  },
  "counters": {
    "cacheHits": 0,
    "cacheMisses": 172,
    "rootsConsidered": 886,
    "templatesEvaluated": 23036,
    "candidatesProduced": 13235,
    "candidatesRanked": 2320
  }
}