{
  "meta": {
    "oracleSize": 215,
    "commonSize": 81,
    "dartVersion": "3.12.2 (stable) (Tue Jun 9 01:11:39 2026 -0700) on \"macos_arm64\"",
    "targetRelCi95": 0.015,
    "referenceIterations": 400000,
    "referenceDisplayScale": 100.0,
    "countersEnabled": true
  },
  "referenceUs": {
    "mean": 814.7,
    "median": 815.0,
    "stddev": 9.855060741681008,
    "min": 802.0,
    "max": 835.0,
    "n": 10,
    "relCi95": 0.00749752047491343
  },
  "time": {
    "oracle": {
      "coldNormalized": 29.525720696161514,
      "warmNormalized": 0.01331407480567822,
      "coldNormalizedRelCi95": 0.011838053479634866,
      "warmNormalizedRelCi95": 0.007705001159102692,
      "coldUsPerCall": {
        "mean": 240.54604651162785,
        "median": 240.19534883720928,
        "stddev": 3.5554306960830138,
        "min": 236.65116279069767,
        "max": 247.06046511627906,
        "n": 10,
        "relCi95": 0.009161151505948859
      },
      "warmUsPerCall": {
        "mean": 0.10846976744186047,
        "median": 0.1085,
        "stddev": 0.0003108130810436954,
        "min": 0.10793023255813954,
        "max": 0.10897674418604651,
        "n": 10,
        "relCi95": 0.0017760150872184982
      }
    },
    "common": {
      "coldNormalized": 15.854506771408698,
      "warmNormalized": 0.012471454310986242,
      "coldNormalizedRelCi95": 0.01544579969431084,
      "warmNormalizedRelCi95": 0.010632767706986667,
      "coldUsPerCall": {
        "mean": 129.16666666666666,
        "median": 128.2469135802469,
        "stddev": 2.8142266490164594,
        "min": 126.80246913580247,
        "max": 136.85185185185185,
        "n": 10,
        "relCi95": 0.013504070309540999
      },
      "warmUsPerCall": {
        "mean": 0.10160493827160492,
        "median": 0.10132716049382716,
        "stddev": 0.0012359388821136792,
        "min": 0.10037037037037037,
        "max": 0.10425925925925926,
        "n": 10,
        "relCi95": 0.007539425431622252
      }
    }
  },
  "memory": {
    "churnBytes": 16501952,
    "churnObjects": 140925,
    "churnBytesPerCall": 76753.26511627907,
    "retainedBytes": 790368,
    "liveHeapBytes": 16501952
  },
  "counters": {
    "cacheHits": 0,
    "cacheMisses": 215,
    "rootsConsidered": 1095,
    "templatesEvaluated": 29565,
    "candidatesProduced": 13250,
    "candidatesRanked": 2023
  }
}