{
  "meta": {
    "oracleSize": 192,
    "commonSize": 81,
    "dartVersion": "3.12.2 (stable) (Tue Jun 9 01:11:39 2026 -0700) on \"macos_arm64\"",
    "targetRelCi95": 0.015,
    "referenceIterations": 400000,
    "referenceDisplayScale": 100.0,
    "countersEnabled": true
  },
  "referenceUs": {
    "mean": 809.2,
    "median": 810.0,
    "stddev": 6.338594306135847,
    "min": 799.0,
    "max": 822.0,
    "n": 10,
    "relCi95": 0.004855043813084676
  },
  "time": {
    "oracle": {
      "coldNormalized": 51.80637512357884,
      "warmNormalized": 0.01283771780771132,
      "coldNormalizedRelCi95": 0.00865273919395637,
      "warmNormalizedRelCi95": 0.005544956281549232,
      "coldUsPerCall": {
        "mean": 419.2171875,
        "median": 417.48958333333337,
        "stddev": 4.844345499286194,
        "min": 414.0052083333333,
        "max": 428.0989583333333,
        "n": 10,
        "relCi95": 0.0071622932871851135
      },
      "warmUsPerCall": {
        "mean": 0.1038828125,
        "median": 0.10403645833333333,
        "stddev": 0.00044895343245155453,
        "min": 0.10307291666666667,
        "max": 0.10442708333333334,
        "n": 10,
        "relCi95": 0.0026786357978121063
      }
    },
    "common": {
      "coldNormalized": 44.580991437969516,
      "warmNormalized": 0.013222173400950792,
      "coldNormalizedRelCi95": 0.006708921441323578,
      "warmNormalizedRelCi95": 0.009295110885723774,
      "coldUsPerCall": {
        "mean": 360.74938271604935,
        "median": 360.37654320987656,
        "stddev": 2.694904912910151,
        "min": 358.358024691358,
        "max": 367.5925925925926,
        "n": 10,
        "relCi95": 0.0046301378466390665
      },
      "warmUsPerCall": {
        "mean": 0.10699382716049381,
        "median": 0.10632716049382716,
        "stddev": 0.0013682895508413022,
        "min": 0.10592592592592592,
        "max": 0.1097530864197531,
        "n": 10,
        "relCi95": 0.007926388581878182
      }
    }
  },
  "memory": {
    "churnBytes": 16318256,
    "churnObjects": 139558,
    "churnBytesPerCall": 84990.91666666667,
    "retainedBytes": 724816,
    "liveHeapBytes": 16318256
  },
  "counters": {
    "cacheHits": 0,
    "cacheMisses": 192,
    "rootsConsidered": 969,
    "templatesEvaluated": 25194,
    "candidatesProduced": 14196,
    "candidatesRanked": 2210
  }
}