{
  "meta": {
    "oracleSize": 311,
    "commonSize": 81,
    "dartVersion": "3.12.2 (stable) (Tue Jun 9 01:11:39 2026 -0700) on \"macos_arm64\"",
    "targetRelCi95": 0.015,
    "referenceIterations": 400000,
    "referenceDisplayScale": 100.0,
    "countersEnabled": true
  },
  "referenceUs": {
    "mean": 805.8333333333334,
    "median": 803.0,
    "stddev": 7.254408093125807,
    "min": 799.0,
    "max": 825.0,
    "n": 30,
    "relCi95": 0.0032214559626672023,
    "converged": true
  },
  "time": {
    "oracle": {
      "coldNormalized": 28.216321902526126,
      "warmNormalized": 0.012559545383507847,
      "coldNormalizedRelCi95": 0.007317151316300346,
      "warmNormalizedRelCi95": 0.0034193874119307034,
      "coldUsPerCall": {
        "mean": 227.37652733118972,
        "median": 226.7379421221865,
        "stddev": 4.17451108349667,
        "min": 222.443729903537,
        "max": 239.41800643086816,
        "n": 30,
        "relCi95": 0.006569849683686212,
        "converged": true
      },
      "warmUsPerCall": {
        "mean": 0.10120900321543408,
        "median": 0.10111736334405144,
        "stddev": 0.0003242595119046104,
        "min": 0.10080385852090032,
        "max": 0.10242765273311898,
        "n": 30,
        "relCi95": 0.0011464867000825095,
        "converged": true
      }
    },
    "common": {
      "coldNormalized": 15.978449321434498,
      "warmNormalized": 0.012924278984258302,
      "coldNormalizedRelCi95": 0.012258478386548682,
      "warmNormalizedRelCi95": 0.0052195166126319924,
      "coldUsPerCall": {
        "mean": 128.759670781893,
        "median": 127.45679012345678,
        "stddev": 4.25580431728404,
        "min": 126.0246913580247,
        "max": 142.60493827160494,
        "n": 30,
        "relCi95": 0.011827616574529168,
        "converged": true
      },
      "warmUsPerCall": {
        "mean": 0.10414814814814816,
        "median": 0.1037962962962963,
        "stddev": 0.0011952443136892437,
        "min": 0.10290123456790123,
        "max": 0.10635802469135802,
        "n": 30,
        "relCi95": 0.004106771864876022,
        "converged": true
      }
    }
  },
  "memory": {
    "churnBytes": 17252672,
    "churnObjects": 146846,
    "churnBytesPerCall": 55474.82958199357,
    "retainedBytes": 1082032,
    "liveHeapBytes": 17252672
  },
  "counters": {
    "cacheHits": 0,
    "cacheMisses": 311,
    "rootsConsidered": 1591,
    "templatesEvaluated": 42957,
    "candidatesProduced": 19113,
    "candidatesRanked": 2871
  }
}