{
  "meta": {
    "corpusSize": 140,
    "dartVersion": "3.12.2 (stable) (Tue Jun 9 01:11:39 2026 -0700) on \"macos_arm64\"",
    "targetRelCi95": 0.015,
    "referenceIterations": 4000000,
    "countersEnabled": true
  },
  "time": {
    "coldNormalized": 0.789686529358908,
    "warmNormalized": 0.000012266780814648677,
    "coldNormalizedRelCi95": 0.0048642333469362965,
    "warmNormalizedRelCi95": 0.008543269026385532,
    "coldUsPerCall": {
      "mean": 6377.824285714285,
      "median": 6380.753571428571,
      "stddev": 17.162038937692362,
      "min": 6355.778571428571,
      "max": 6407.457142857143,
      "n": 10,
      "relCi95": 0.001667832392561307
    },
    "warmUsPerCall": {
      "mean": 0.09907142857142856,
      "median": 0.09833928571428571,
      "stddev": 0.0011538410663298495,
      "min": 0.098,
      "max": 0.10103571428571428,
      "n": 10,
      "relCi95": 0.007218610980890165
    },
    "referenceUs": {
      "mean": 8076.4,
      "median": 8045.5,
      "stddev": 59.541208885573994,
      "min": 8030.0,
      "max": 8179.0,
      "n": 10,
      "relCi95": 0.004569365509977322
    }
  },
  "memory": {
    "churnBytes": 16556032,
    "churnObjects": 141222,
    "churnBytesPerCall": 118257.37142857142,
    "retainedBytes": 819648,
    "liveHeapBytes": 16556032
  },
  "counters": {
    "cacheHits": 0,
    "cacheMisses": 140,
    "rootsConsidered": 765,
    "templatesEvaluated": 19890,
    "candidatesProduced": 11983
  }
}