{
  "meta": {
    "oracleSize": 158,
    "commonSize": 81,
    "dartVersion": "3.12.2 (stable) (Tue Jun 9 01:11:39 2026 -0700) on \"macos_arm64\"",
    "targetRelCi95": 0.015,
    "referenceIterations": 400000,
    "referenceDisplayScale": 100.0,
    "countersEnabled": true
  },
  "referenceUs": {
    "mean": 813.9,
    "median": 811.5,
    "stddev": 8.345990387938123,
    "min": 805.0,
    "max": 834.0,
    "n": 10,
    "relCi95": 0.006355692880364078
  },
  "time": {
    "oracle": {
      "coldNormalized": 91.813832757111,
      "warmNormalized": 0.013145800575755737,
      "coldNormalizedRelCi95": 0.007554223232857332,
      "warmNormalizedRelCi95": 0.013722798676901493,
      "coldUsPerCall": {
        "mean": 747.2727848101265,
        "median": 746.1487341772151,
        "stddev": 4.9227736621503695,
        "min": 740.4177215189874,
        "max": 756.6962025316456,
        "n": 10,
        "relCi95": 0.004083069514756129
      },
      "warmUsPerCall": {
        "mean": 0.10699367088607595,
        "median": 0.10691455696202531,
        "stddev": 0.0020995006396243568,
        "min": 0.10405063291139241,
        "max": 0.11003164556962025,
        "n": 10,
        "relCi95": 0.012162251910615022
      }
    },
    "common": {
      "coldNormalized": 21.199558898702943,
      "warmNormalized": 0.012715791517446106,
      "coldNormalizedRelCi95": 0.015839323550978376,
      "warmNormalizedRelCi95": 0.009893976701074137,
      "coldUsPerCall": {
        "mean": 172.54320987654324,
        "median": 170.50617283950618,
        "stddev": 5.266005569917207,
        "min": 168.82716049382717,
        "max": 186.11111111111111,
        "n": 17,
        "relCi95": 0.014508250706514127
      },
      "warmUsPerCall": {
        "mean": 0.10349382716049385,
        "median": 0.10296296296296295,
        "stddev": 0.001266126143773207,
        "min": 0.10228395061728394,
        "max": 0.10549382716049382,
        "n": 10,
        "relCi95": 0.007582607926820904
      }
    }
  },
  "memory": {
    "churnBytes": 16689216,
    "churnObjects": 140901,
    "churnBytesPerCall": 105627.9493670886,
    "retainedBytes": 629728,
    "liveHeapBytes": 16689216
  },
  "counters": {
    "cacheHits": 0,
    "cacheMisses": 158,
    "rootsConsidered": 830,
    "templatesEvaluated": 21580,
    "candidatesProduced": 12618,
    "candidatesRanked": 2245
  }
}