{
  "meta": {
    "oracleSize": 140,
    "commonSize": 81,
    "dartVersion": "3.12.2 (stable) (Tue Jun 9 01:11:39 2026 -0700) on \"macos_arm64\"",
    "targetRelCi95": 0.015,
    "referenceIterations": 4000000,
    "countersEnabled": true
  },
  "referenceUs": {
    "mean": 8076.3,
    "median": 8072.0,
    "stddev": 32.58169220078458,
    "min": 8036.0,
    "max": 8128.0,
    "n": 10,
    "relCi95": 0.0025004447638023084
  },
  "time": {
    "oracle": {
      "coldNormalized": 0.09872448663726847,
      "warmNormalized": 0.000012191756833486336,
      "coldNormalizedRelCi95": 0.007677409564158798,
      "warmNormalizedRelCi95": 0.006197349825199145,
      "coldUsPerCall": {
        "mean": 797.3285714285714,
        "median": 795.625,
        "stddev": 9.337851797414448,
        "min": 785.3785714285714,
        "max": 815.3785714285714,
        "n": 10,
        "relCi95": 0.007258814889429996
      },
      "warmUsPerCall": {
        "mean": 0.0984642857142857,
        "median": 0.09864285714285714,
        "stddev": 0.0009008373529710757,
        "min": 0.09732142857142857,
        "max": 0.09996428571428571,
        "n": 10,
        "relCi95": 0.005670530913333379
      }
    },
    "common": {
      "coldNormalized": 0.02011066368094545,
      "warmNormalized": 0.000012756422044503633,
      "coldNormalizedRelCi95": 0.015025232863532951,
      "warmNormalizedRelCi95": 0.012736343404479825,
      "coldUsPerCall": {
        "mean": 162.41975308641975,
        "median": 159.73456790123458,
        "stddev": 5.208847348153028,
        "min": 158.20987654320987,
        "max": 173.679012345679,
        "n": 18,
        "relCi95": 0.014815714582380568
      },
      "warmUsPerCall": {
        "mean": 0.1030246913580247,
        "median": 0.10234567901234567,
        "stddev": 0.0020758451514636383,
        "min": 0.10104938271604938,
        "max": 0.10796296296296297,
        "n": 10,
        "relCi95": 0.012488483466778917
      }
    }
  },
  "memory": {
    "churnBytes": 16549680,
    "churnObjects": 141247,
    "churnBytesPerCall": 118212.0,
    "retainedBytes": 801552,
    "liveHeapBytes": 16549680
  },
  "counters": {
    "cacheHits": 0,
    "cacheMisses": 140,
    "rootsConsidered": 765,
    "templatesEvaluated": 19890,
    "candidatesProduced": 11983,
    "candidatesRanked": 2120
  }
}