{
  "meta": {
    "oracleSize": 185,
    "commonSize": 81,
    "dartVersion": "3.12.2 (stable) (Tue Jun 9 01:11:39 2026 -0700) on \"macos_arm64\"",
    "targetRelCi95": 0.015,
    "referenceIterations": 400000,
    "referenceDisplayScale": 100.0,
    "countersEnabled": true
  },
  "referenceUs": {
    "mean": 813.1,
    "median": 812.5,
    "stddev": 6.640783086353596,
    "min": 803.0,
    "max": 825.0,
    "n": 10,
    "relCi95": 0.005062107981798057
  },
  "time": {
    "oracle": {
      "coldNormalized": 61.93566829650952,
      "warmNormalized": 0.012598762826287118,
      "coldNormalizedRelCi95": 0.008641331818180283,
      "warmNormalizedRelCi95": 0.010044107586879588,
      "coldUsPerCall": {
        "mean": 503.5989189189189,
        "median": 500.6540540540541,
        "stddev": 5.69033644891713,
        "min": 496.55135135135134,
        "max": 510.97837837837835,
        "n": 10,
        "relCi95": 0.007003404770003756
      },
      "warmUsPerCall": {
        "mean": 0.10244054054054055,
        "median": 0.10232432432432433,
        "stddev": 0.0014338227713464181,
        "min": 0.10091891891891892,
        "max": 0.10608108108108108,
        "n": 10,
        "relCi95": 0.008675203743856885
      }
    },
    "common": {
      "coldNormalized": 16.912158061941465,
      "warmNormalized": 0.012228007124083866,
      "coldNormalizedRelCi95": 0.015748338511891266,
      "warmNormalizedRelCi95": 0.0096240563609792,
      "coldUsPerCall": {
        "mean": 137.51275720164605,
        "median": 135.6604938271605,
        "stddev": 5.730605529581711,
        "min": 134.06172839506172,
        "max": 158.71604938271605,
        "n": 30,
        "relCi95": 0.014912586250068567
      },
      "warmUsPerCall": {
        "mean": 0.09942592592592592,
        "median": 0.09898148148148148,
        "stddev": 0.0013130248575779985,
        "min": 0.09777777777777778,
        "max": 0.10160493827160494,
        "n": 10,
        "relCi95": 0.008185201501485509
      }
    }
  },
  "memory": {
    "churnBytes": 16642144,
    "churnObjects": 141165,
    "churnBytesPerCall": 89957.53513513514,
    "retainedBytes": 696544,
    "liveHeapBytes": 16642144
  },
  "counters": {
    "cacheHits": 0,
    "cacheMisses": 185,
    "rootsConsidered": 938,
    "templatesEvaluated": 24388,
    "candidatesProduced": 13753,
    "candidatesRanked": 2185
  }
}