{
  "meta": {
    "oracleSize": 208,
    "commonSize": 81,
    "dartVersion": "3.12.2 (stable) (Tue Jun 9 01:11:39 2026 -0700) on \"macos_arm64\"",
    "targetRelCi95": 0.015,
    "referenceIterations": 400000,
    "referenceDisplayScale": 100.0,
    "countersEnabled": true
  },
  "referenceUs": {
    "mean": 811.2,
    "median": 808.0,
    "stddev": 9.93087217832463,
    "min": 801.0,
    "max": 836.0,
    "n": 10,
    "relCi95": 0.0075877938192291895
  },
  "time": {
    "oracle": {
      "coldNormalized": 29.83631799044152,
      "warmNormalized": 0.013291680890608403,
      "coldNormalizedRelCi95": 0.01381042985128086,
      "warmNormalizedRelCi95": 0.00784736129242892,
      "coldUsPerCall": {
        "mean": 242.03221153846158,
        "median": 241.27644230769232,
        "stddev": 4.5060204551567695,
        "min": 236.67307692307693,
        "max": 251.8653846153846,
        "n": 10,
        "relCi95": 0.011539209575790571
      },
      "warmUsPerCall": {
        "mean": 0.10782211538461536,
        "median": 0.10790865384615385,
        "stddev": 0.000348202921427244,
        "min": 0.10697115384615384,
        "max": 0.108125,
        "n": 10,
        "relCi95": 0.002001615400315203
      }
    },
    "common": {
      "coldNormalized": 16.183872843417,
      "warmNormalized": 0.012495586480629213,
      "coldNormalizedRelCi95": 0.016790133688645466,
      "warmNormalizedRelCi95": 0.013052166847606175,
      "coldUsPerCall": {
        "mean": 131.2835765057987,
        "median": 128.7283950617284,
        "stddev": 5.763135401894933,
        "min": 126.66666666666667,
        "max": 146.46913580246914,
        "n": 33,
        "relCi95": 0.014977782687682939
      },
      "warmUsPerCall": {
        "mean": 0.10136419753086419,
        "median": 0.10092592592592592,
        "stddev": 0.0017368132248912437,
        "min": 0.09944444444444445,
        "max": 0.10425925925925926,
        "n": 10,
        "relCi95": 0.01062000208920022
      }
    }
  },
  "memory": {
    "churnBytes": 16501264,
    "churnObjects": 140781,
    "churnBytesPerCall": 79333.0,
    "retainedBytes": 772464,
    "liveHeapBytes": 16501264
  },
  "counters": {
    "cacheHits": 0,
    "cacheMisses": 208,
    "rootsConsidered": 1066,
    "templatesEvaluated": 28782,
    "candidatesProduced": 12964,
    "candidatesRanked": 1953
  }
}