{
  "meta": {
    "oracleSize": 176,
    "commonSize": 81,
    "dartVersion": "3.12.2 (stable) (Tue Jun 9 01:11:39 2026 -0700) on \"macos_arm64\"",
    "targetRelCi95": 0.015,
    "referenceIterations": 400000,
    "referenceDisplayScale": 100.0,
    "countersEnabled": true
  },
  "referenceUs": {
    "mean": 810.2,
    "median": 810.5,
    "stddev": 4.315347288715269,
    "min": 802.0,
    "max": 816.0,
    "n": 10,
    "relCi95": 0.0033012588991441685
  },
  "time": {
    "oracle": {
      "coldNormalized": 30.58567188797379,
      "warmNormalized": 0.012441162114853797,
      "coldNormalizedRelCi95": 0.010208116634530804,
      "warmNormalizedRelCi95": 0.0046913753391739565,
      "coldUsPerCall": {
        "mean": 247.80511363636364,
        "median": 247.0284090909091,
        "stddev": 3.8619983623036673,
        "min": 242.5,
        "max": 254.14204545454547,
        "n": 10,
        "relCi95": 0.009659572190578936
      },
      "warmUsPerCall": {
        "mean": 0.10079829545454547,
        "median": 0.10082386363636364,
        "stddev": 0.0005420853568312918,
        "min": 0.09988636363636363,
        "max": 0.10153409090909091,
        "n": 10,
        "relCi95": 0.0033332705041491887
      }
    },
    "common": {
      "coldNormalized": 15.857081470510254,
      "warmNormalized": 0.01274584751915452,
      "coldNormalizedRelCi95": 0.011674595461732712,
      "warmNormalizedRelCi95": 0.014846862353582225,
      "coldUsPerCall": {
        "mean": 128.47407407407408,
        "median": 127.96913580246914,
        "stddev": 2.3211569269622325,
        "min": 126.88888888888889,
        "max": 134.71604938271605,
        "n": 10,
        "relCi95": 0.011198118988291358
      },
      "warmUsPerCall": {
        "mean": 0.10326685660018994,
        "median": 0.10185185185185185,
        "stddev": 0.002749797526465886,
        "min": 0.10049382716049382,
        "max": 0.10907407407407407,
        "n": 13,
        "relCi95": 0.014475186058460132
      }
    }
  },
  "memory": {
    "churnBytes": 16326832,
    "churnObjects": 138987,
    "churnBytesPerCall": 92766.09090909091,
    "retainedBytes": 676032,
    "liveHeapBytes": 16326832
  },
  "counters": {
    "cacheHits": 0,
    "cacheMisses": 176,
    "rootsConsidered": 874,
    "templatesEvaluated": 23598,
    "candidatesProduced": 10473,
    "candidatesRanked": 1673
  }
}