{
  "meta": {
    "oracleSize": 240,
    "commonSize": 81,
    "dartVersion": "3.12.2 (stable) (Tue Jun 9 01:11:39 2026 -0700) on \"macos_arm64\"",
    "targetRelCi95": 0.015,
    "referenceIterations": 400000,
    "referenceDisplayScale": 100.0,
    "countersEnabled": true
  },
  "referenceUs": {
    "mean": 802.7,
    "median": 801.0,
    "stddev": 4.137900702315393,
    "min": 800.0,
    "max": 814.0,
    "n": 10,
    "relCi95": 0.003195088359762918
  },
  "time": {
    "oracle": {
      "coldNormalized": 29.492805531331754,
      "warmNormalized": 0.013864405547942363,
      "coldNormalizedRelCi95": 0.013434223940818685,
      "warmNormalizedRelCi95": 0.0035119786934026875,
      "coldUsPerCall": {
        "mean": 236.73874999999998,
        "median": 236.29583333333335,
        "stddev": 4.984046326579823,
        "min": 231.20416666666668,
        "max": 247.77083333333334,
        "n": 10,
        "relCi95": 0.013048746425054533
      },
      "warmUsPerCall": {
        "mean": 0.11128958333333334,
        "median": 0.11129166666666666,
        "stddev": 0.00026176963355092035,
        "min": 0.11083333333333334,
        "max": 0.11183333333333334,
        "n": 10,
        "relCi95": 0.0014578767836212901
      }
    },
    "common": {
      "coldNormalized": 15.807375416610912,
      "warmNormalized": 0.012804777702414845,
      "coldNormalizedRelCi95": 0.01525371517753031,
      "warmNormalizedRelCi95": 0.013856785252481576,
      "coldUsPerCall": {
        "mean": 126.8858024691358,
        "median": 125.46913580246914,
        "stddev": 4.31822221911618,
        "min": 124.45679012345678,
        "max": 139.7283950617284,
        "n": 20,
        "relCi95": 0.014915335634524823
      },
      "warmUsPerCall": {
        "mean": 0.10278395061728396,
        "median": 0.10290123456790123,
        "stddev": 0.002235982772859465,
        "min": 0.09901234567901235,
        "max": 0.10555555555555556,
        "n": 10,
        "relCi95": 0.013483393782972386
      }
    }
  },
  "memory": {
    "churnBytes": 16688192,
    "churnObjects": 142723,
    "churnBytesPerCall": 69534.13333333333,
    "retainedBytes": 867264,
    "liveHeapBytes": 16688192
  },
  "counters": {
    "cacheHits": 0,
    "cacheMisses": 240,
    "rootsConsidered": 1234,
    "templatesEvaluated": 33318,
    "candidatesProduced": 14952,
    "candidatesRanked": 2242
  }
}