{
  "meta": {
    "oracleSize": 140,
    "commonSize": 81,
    "dartVersion": "3.12.2 (stable) (Tue Jun 9 01:11:39 2026 -0700) on \"macos_arm64\"",
    "targetRelCi95": 0.015,
    "referenceIterations": 4000000,
    "countersEnabled": true
  },
  "referenceUs": {
    "mean": 8054.3,
    "median": 8035.5,
    "stddev": 37.92697662028382,
    "min": 8021.0,
    "max": 8120.0,
    "n": 10,
    "relCi95": 0.002918612871791984
  },
  "time": {
    "oracle": {
      "coldNormalized": 0.7423832167732941,
      "warmNormalized": 0.000012387792855989967,
      "coldNormalizedRelCi95": 0.0030275594662911793,
      "warmNormalizedRelCi95": 0.008023001658350999,
      "coldUsPerCall": {
        "mean": 5979.377142857143,
        "median": 5977.028571428571,
        "stddev": 7.764713777426328,
        "min": 5970.028571428571,
        "max": 5993.914285714286,
        "n": 10,
        "relCi95": 0.000804869695378995
      },
      "warmUsPerCall": {
        "mean": 0.09977499999999999,
        "median": 0.09964285714285714,
        "stddev": 0.0012030349470818498,
        "min": 0.09867857142857143,
        "max": 0.10257142857142858,
        "n": 10,
        "relCi95": 0.007473302784881195
      }
    },
    "common": {
      "coldNormalized": 0.24241387508213919,
      "warmNormalized": 0.000013336178221187885,
      "coldNormalizedRelCi95": 0.006033865754109202,
      "warmNormalizedRelCi95": 0.008315486954645021,
      "coldUsPerCall": {
        "mean": 1952.4740740740738,
        "median": 1945.7283950617284,
        "stddev": 16.63594608151668,
        "min": 1938.716049382716,
        "max": 1988.432098765432,
        "n": 10,
        "relCi95": 0.00528102592714919
      },
      "warmUsPerCall": {
        "mean": 0.10741358024691358,
        "median": 0.10743827160493827,
        "stddev": 0.0013494083810625824,
        "min": 0.10555555555555556,
        "max": 0.10932098765432098,
        "n": 10,
        "relCi95": 0.007786464036870759
      }
    }
  },
  "memory": {
    "churnBytes": 16675584,
    "churnObjects": 142140,
    "churnBytesPerCall": 119111.31428571428,
    "retainedBytes": 830800,
    "liveHeapBytes": 16675584
  },
  "counters": {
    "cacheHits": 0,
    "cacheMisses": 140,
    "rootsConsidered": 765,
    "templatesEvaluated": 19890,
    "candidatesProduced": 11983
  }
}