{
  "meta": {
    "oracleSize": 226,
    "commonSize": 81,
    "dartVersion": "3.12.2 (stable) (Tue Jun 9 01:11:39 2026 -0700) on \"macos_arm64\"",
    "targetRelCi95": 0.015,
    "referenceIterations": 400000,
    "referenceDisplayScale": 100.0,
    "countersEnabled": true
  },
  "referenceUs": {
    "mean": 814.1,
    "median": 815.5,
    "stddev": 9.243015380996253,
    "min": 802.0,
    "max": 828.0,
    "n": 10,
    "relCi95": 0.0070370719643480725
  },
  "time": {
    "oracle": {
      "coldNormalized": 29.844836526138316,
      "warmNormalized": 0.013689855674271929,
      "coldNormalizedRelCi95": 0.013808473427816909,
      "warmNormalizedRelCi95": 0.016255934097107395,
      "coldUsPerCall": {
        "mean": 242.96681415929203,
        "median": 242.52212389380531,
        "stddev": 4.657327737653875,
        "min": 237.69026548672565,
        "max": 251.8849557522124,
        "n": 10,
        "relCi95": 0.011880806225812791
      },
      "warmUsPerCall": {
        "mean": 0.11144911504424777,
        "median": 0.10992256637168141,
        "stddev": 0.002634947599444805,
        "min": 0.10944690265486726,
        "max": 0.11699115044247788,
        "n": 10,
        "relCi95": 0.01465383948110819
      }
    },
    "common": {
      "coldNormalized": 16.11788309476843,
      "warmNormalized": 0.01266868965349905,
      "coldNormalizedRelCi95": 0.016408024975271742,
      "warmNormalizedRelCi95": 0.009605540405619402,
      "coldUsPerCall": {
        "mean": 131.2156862745098,
        "median": 129.9506172839506,
        "stddev": 4.0914009531913145,
        "min": 128.3827160493827,
        "max": 145.0493827160494,
        "n": 17,
        "relCi95": 0.014822378410961165
      },
      "warmUsPerCall": {
        "mean": 0.10313580246913578,
        "median": 0.10243827160493826,
        "stddev": 0.0010879307362746924,
        "min": 0.10222222222222223,
        "max": 0.10512345679012346,
        "n": 10,
        "relCi95": 0.006538044405827579
      }
    }
  },
  "memory": {
    "churnBytes": 16608576,
    "churnObjects": 141869,
    "churnBytesPerCall": 73489.27433628318,
    "retainedBytes": 825888,
    "liveHeapBytes": 16608576
  },
  "counters": {
    "cacheHits": 0,
    "cacheMisses": 226,
    "rootsConsidered": 1164,
    "templatesEvaluated": 31428,
    "candidatesProduced": 14105,
    "candidatesRanked": 2165
  }
}