{
  "meta": {
    "oracleSize": 176,
    "commonSize": 81,
    "dartVersion": "3.12.2 (stable) (Tue Jun 9 01:11:39 2026 -0700) on \"macos_arm64\"",
    "targetRelCi95": 0.015,
    "referenceIterations": 400000,
    "referenceDisplayScale": 100.0,
    "countersEnabled": true
  },
  "referenceUs": {
    "mean": 811.2,
    "median": 810.5,
    "stddev": 8.216514535440872,
    "min": 799.0,
    "max": 827.0,
    "n": 10,
    "relCi95": 0.006277919712198217
  },
  "time": {
    "oracle": {
      "coldNormalized": 38.75921754527524,
      "warmNormalized": 0.012804753339609107,
      "coldNormalizedRelCi95": 0.014706499626444379,
      "warmNormalizedRelCi95": 0.0074677074319628575,
      "coldUsPerCall": {
        "mean": 314.41477272727275,
        "median": 312.10227272727275,
        "stddev": 6.74640725476216,
        "min": 307.6363636363636,
        "max": 327.2386363636364,
        "n": 10,
        "relCi95": 0.013299205064581932
      },
      "warmUsPerCall": {
        "mean": 0.10387215909090908,
        "median": 0.10410511363636363,
        "stddev": 0.0006777353027625546,
        "min": 0.10286931818181819,
        "max": 0.10460227272727272,
        "n": 10,
        "relCi95": 0.004044054695053759
      }
    },
    "common": {
      "coldNormalized": 32.65562982443324,
      "warmNormalized": 0.01267060535222928,
      "coldNormalizedRelCi95": 0.007629007338579268,
      "warmNormalizedRelCi95": 0.009453495701852901,
      "coldUsPerCall": {
        "mean": 264.9024691358025,
        "median": 264.61728395061726,
        "stddev": 1.8526239816913739,
        "min": 262.60493827160496,
        "max": 269.1604938271605,
        "n": 10,
        "relCi95": 0.004334683040233667
      },
      "warmUsPerCall": {
        "mean": 0.10278395061728393,
        "median": 0.10228395061728394,
        "stddev": 0.0011720992537918374,
        "min": 0.10166666666666667,
        "max": 0.10450617283950617,
        "n": 10,
        "relCi95": 0.007067977438570693
      }
    }
  },
  "memory": {
    "churnBytes": 16291104,
    "churnObjects": 138935,
    "churnBytesPerCall": 92563.09090909091,
    "retainedBytes": 676896,
    "liveHeapBytes": 16291104
  },
  "counters": {
    "cacheHits": 0,
    "cacheMisses": 176,
    "rootsConsidered": 874,
    "templatesEvaluated": 23598,
    "candidatesProduced": 12595,
    "candidatesRanked": 1998
  }
}