{
  "meta": {
    "oracleSize": 192,
    "commonSize": 81,
    "dartVersion": "3.12.2 (stable) (Tue Jun 9 01:11:39 2026 -0700) on \"macos_arm64\"",
    "targetRelCi95": 0.015,
    "referenceIterations": 400000,
    "referenceDisplayScale": 100.0,
    "countersEnabled": true
  },
  "referenceUs": {
    "mean": 818.1,
    "median": 814.5,
    "stddev": 13.584713631300604,
    "min": 805.0,
    "max": 852.0,
    "n": 10,
    "relCi95": 0.010292009218268137
  },
  "time": {
    "oracle": {
      "coldNormalized": 51.50252872509473,
      "warmNormalized": 0.012835253432750682,
      "coldNormalizedRelCi95": 0.012530322795103794,
      "warmNormalizedRelCi95": 0.01136918742443763,
      "coldUsPerCall": {
        "mean": 421.3421875,
        "median": 421.33854166666663,
        "stddev": 4.858691765264561,
        "min": 414.984375,
        "max": 428.7135416666667,
        "n": 10,
        "relCi95": 0.007147274697434082
      },
      "warmUsPerCall": {
        "mean": 0.10500520833333334,
        "median": 0.10523437499999999,
        "stddev": 0.0008183512894518676,
        "min": 0.103828125,
        "max": 0.10611979166666667,
        "n": 10,
        "relCi95": 0.00483042119727405
      }
    },
    "common": {
      "coldNormalized": 44.41562126034277,
      "warmNormalized": 0.012713136882961272,
      "coldNormalizedRelCi95": 0.012400338121500194,
      "warmNormalizedRelCi95": 0.012388769902805557,
      "coldUsPerCall": {
        "mean": 363.3641975308642,
        "median": 362.7037037037037,
        "stddev": 4.055038248425411,
        "min": 358.60493827160496,
        "max": 373.3703703703704,
        "n": 10,
        "relCi95": 0.006916858519488064
      },
      "warmUsPerCall": {
        "mean": 0.10400617283950617,
        "median": 0.10348765432098765,
        "stddev": 0.0011571947678468404,
        "min": 0.10277777777777777,
        "max": 0.10580246913580246,
        "n": 10,
        "relCi95": 0.0068960978789272195
      }
    }
  },
  "memory": {
    "churnBytes": 16558176,
    "churnObjects": 141061,
    "churnBytesPerCall": 86240.5,
    "retainedBytes": 725488,
    "liveHeapBytes": 16558176
  },
  "counters": {
    "cacheHits": 0,
    "cacheMisses": 192,
    "rootsConsidered": 969,
    "templatesEvaluated": 25194,
    "candidatesProduced": 14196,
    "candidatesRanked": 2210
  }
}