{
  "meta": {
    "oracleSize": 209,
    "commonSize": 81,
    "dartVersion": "3.12.2 (stable) (Tue Jun 9 01:11:39 2026 -0700) on \"macos_arm64\"",
    "targetRelCi95": 0.015,
    "referenceIterations": 400000,
    "referenceDisplayScale": 100.0,
    "countersEnabled": true
  },
  "referenceUs": {
    "mean": 839.3,
    "median": 841.5,
    "stddev": 12.065101187585068,
    "min": 810.0,
    "max": 854.0,
    "n": 10,
    "relCi95": 0.008909838187562925
  },
  "time": {
    "oracle": {
      "coldNormalized": 28.643657821481444,
      "warmNormalized": 0.012794895723652144,
      "coldNormalizedRelCi95": 0.01299980598258575,
      "warmNormalizedRelCi95": 0.009391999095994186,
      "coldUsPerCall": {
        "mean": 240.40622009569375,
        "median": 239.95933014354068,
        "stddev": 3.671700385220752,
        "min": 236.04784688995215,
        "max": 246.41148325358853,
        "n": 10,
        "relCi95": 0.009466242076786209
      },
      "warmUsPerCall": {
        "mean": 0.10738755980861243,
        "median": 0.10735645933014354,
        "stddev": 0.0005146846853545417,
        "min": 0.10643540669856459,
        "max": 0.10818181818181818,
        "n": 10,
        "relCi95": 0.0029705942992271795
      }
    },
    "common": {
      "coldNormalized": 15.419767305598093,
      "warmNormalized": 0.012645017232173197,
      "coldNormalizedRelCi95": 0.01684054759198138,
      "warmNormalizedRelCi95": 0.012426453532802636,
      "coldUsPerCall": {
        "mean": 129.41810699588478,
        "median": 127.88888888888889,
        "stddev": 3.6545380633684283,
        "min": 126.80246913580247,
        "max": 138.55555555555554,
        "n": 15,
        "relCi95": 0.014290515269549777
      },
      "warmUsPerCall": {
        "mean": 0.10612962962962964,
        "median": 0.10543209876543211,
        "stddev": 0.0014832094403807612,
        "min": 0.10481481481481482,
        "max": 0.10907407407407407,
        "n": 10,
        "relCi95": 0.008662074282430769
      }
    }
  },
  "memory": {
    "churnBytes": 16486880,
    "churnObjects": 140702,
    "churnBytesPerCall": 78884.59330143541,
    "retainedBytes": 778704,
    "liveHeapBytes": 16486880
  },
  "counters": {
    "cacheHits": 0,
    "cacheMisses": 209,
    "rootsConsidered": 1070,
    "templatesEvaluated": 28890,
    "candidatesProduced": 12998,
    "candidatesRanked": 1961
  }
}