{
  "meta": {
    "oracleSize": 238,
    "commonSize": 81,
    "dartVersion": "3.12.2 (stable) (Tue Jun 9 01:11:39 2026 -0700) on \"macos_arm64\"",
    "targetRelCi95": 0.015,
    "referenceIterations": 400000,
    "referenceDisplayScale": 100.0,
    "countersEnabled": true
  },
  "referenceUs": {
    "mean": 811.7,
    "median": 811.5,
    "stddev": 8.882567196480982,
    "min": 802.0,
    "max": 828.0,
    "n": 10,
    "relCi95": 0.006782644064104657
  },
  "time": {
    "oracle": {
      "coldNormalized": 29.28556417022888,
      "warmNormalized": 0.013652226937343866,
      "coldNormalizedRelCi95": 0.014139013981617208,
      "warmNormalizedRelCi95": 0.007031580937627179,
      "coldUsPerCall": {
        "mean": 237.71092436974786,
        "median": 236.59033613445376,
        "stddev": 4.757983143805034,
        "min": 231.91176470588235,
        "max": 244.69327731092437,
        "n": 10,
        "relCi95": 0.012405944376468596
      },
      "warmUsPerCall": {
        "mean": 0.11081512605042017,
        "median": 0.1108298319327731,
        "stddev": 0.0003315513888834816,
        "min": 0.11027310924369747,
        "max": 0.11130252100840336,
        "n": 10,
        "relCi95": 0.0018544190416590804
      }
    },
    "common": {
      "coldNormalized": 15.855155389466093,
      "warmNormalized": 0.012717555138810939,
      "coldNormalizedRelCi95": 0.007851619388503924,
      "warmNormalizedRelCi95": 0.009579373831044439,
      "coldUsPerCall": {
        "mean": 128.69629629629628,
        "median": 128.4074074074074,
        "stddev": 0.8212573172238224,
        "min": 127.69135802469135,
        "max": 130.11111111111111,
        "n": 10,
        "relCi95": 0.003955207519409896
      },
      "warmUsPerCall": {
        "mean": 0.10322839506172839,
        "median": 0.10308641975308641,
        "stddev": 0.0011266442069088945,
        "min": 0.1019753086419753,
        "max": 0.10469135802469136,
        "n": 10,
        "relCi95": 0.006764624342457226
      }
    }
  },
  "memory": {
    "churnBytes": 16664640,
    "churnObjects": 142513,
    "churnBytesPerCall": 70019.49579831933,
    "retainedBytes": 862832,
    "liveHeapBytes": 16664640
  },
  "counters": {
    "cacheHits": 0,
    "cacheMisses": 238,
    "rootsConsidered": 1224,
    "templatesEvaluated": 33048,
    "candidatesProduced": 14813,
    "candidatesRanked": 2282
  }
}