{
  "meta": {
    "oracleSize": 178,
    "commonSize": 81,
    "dartVersion": "3.12.2 (stable) (Tue Jun 9 01:11:39 2026 -0700) on \"macos_arm64\"",
    "targetRelCi95": 0.015,
    "referenceIterations": 400000,
    "referenceDisplayScale": 100.0,
    "countersEnabled": true
  },
  "referenceUs": {
    "mean": 813.4,
    "median": 814.0,
    "stddev": 5.699902533279747,
    "min": 803.0,
    "max": 824.0,
    "n": 10,
    "relCi95": 0.004343295047259686
  },
  "time": {
    "oracle": {
      "coldNormalized": 38.53176982177737,
      "warmNormalized": 0.012627671889115738,
      "coldNormalizedRelCi95": 0.010354677045894907,
      "warmNormalizedRelCi95": 0.007945102870396108,
      "coldUsPerCall": {
        "mean": 313.4174157303371,
        "median": 312.37078651685397,
        "stddev": 4.753165393058592,
        "min": 308.5730337078652,
        "max": 322.4887640449438,
        "n": 10,
        "relCi95": 0.009399740680318387
      },
      "warmUsPerCall": {
        "mean": 0.1027134831460674,
        "median": 0.10235955056179774,
        "stddev": 0.0011025017490909421,
        "min": 0.10140449438202247,
        "max": 0.10533707865168539,
        "n": 10,
        "relCi95": 0.006652852602728093
      }
    },
    "common": {
      "coldNormalized": 32.41537578886977,
      "warmNormalized": 0.012671244312093424,
      "coldNormalizedRelCi95": 0.008076984787953587,
      "warmNormalizedRelCi95": 0.010532986442124094,
      "coldUsPerCall": {
        "mean": 263.6666666666667,
        "median": 263.03086419753083,
        "stddev": 2.8969030502875204,
        "min": 260.28395061728395,
        "max": 269.9259259259259,
        "n": 10,
        "relCi95": 0.0068098070014709754
      },
      "warmUsPerCall": {
        "mean": 0.10306790123456791,
        "median": 0.10228395061728396,
        "stddev": 0.0015956919469988613,
        "min": 0.10191358024691358,
        "max": 0.10586419753086419,
        "n": 10,
        "relCi95": 0.009595811144578631
      }
    }
  },
  "memory": {
    "churnBytes": 16285584,
    "churnObjects": 138975,
    "churnBytesPerCall": 91492.04494382022,
    "retainedBytes": 682416,
    "liveHeapBytes": 16285584
  },
  "counters": {
    "cacheHits": 0,
    "cacheMisses": 178,
    "rootsConsidered": 885,
    "templatesEvaluated": 23010,
    "candidatesProduced": 12747,
    "candidatesRanked": 2028
  }
}