{
  "meta": {
    "oracleSize": 178,
    "commonSize": 81,
    "dartVersion": "3.12.2 (stable) (Tue Jun 9 01:11:39 2026 -0700) on \"macos_arm64\"",
    "targetRelCi95": 0.015,
    "referenceIterations": 400000,
    "referenceDisplayScale": 100.0,
    "countersEnabled": true
  },
  "referenceUs": {
    "mean": 817.5,
    "median": 815.5,
    "stddev": 7.106335201775948,
    "min": 810.0,
    "max": 830.0,
    "n": 10,
    "relCi95": 0.005387831425849381
  },
  "time": {
    "oracle": {
      "coldNormalized": 51.15740645294301,
      "warmNormalized": 0.012512799367762773,
      "coldNormalizedRelCi95": 0.009185120354759518,
      "warmNormalizedRelCi95": 0.007116673081187015,
      "coldUsPerCall": {
        "mean": 418.21179775280905,
        "median": 417.35393258426967,
        "stddev": 5.019388302567653,
        "min": 412.9887640449438,
        "max": 426.6179775280899,
        "n": 10,
        "relCi95": 0.007438931943367102
      },
      "warmUsPerCall": {
        "mean": 0.10229213483146067,
        "median": 0.10228932584269662,
        "stddev": 0.0007673562306598971,
        "min": 0.10126404494382023,
        "max": 0.10334269662921348,
        "n": 10,
        "relCi95": 0.004649549254618314
      }
    },
    "common": {
      "coldNormalized": 44.15992751160945,
      "warmNormalized": 0.012170498735228604,
      "coldNormalizedRelCi95": 0.007300113783658648,
      "warmNormalizedRelCi95": 0.011322361310474824,
      "coldUsPerCall": {
        "mean": 361.0074074074073,
        "median": 359.6604938271605,
        "stddev": 2.86900759720078,
        "min": 358.25925925925924,
        "max": 368.1111111111111,
        "n": 10,
        "relCi95": 0.004925741952334979
      },
      "warmUsPerCall": {
        "mean": 0.09949382716049383,
        "median": 0.09854938271604938,
        "stddev": 0.0015985416476945625,
        "min": 0.09827160493827161,
        "max": 0.10290123456790123,
        "n": 10,
        "relCi95": 0.0099582698382584
      }
    }
  },
  "memory": {
    "churnBytes": 16282784,
    "churnObjects": 138998,
    "churnBytesPerCall": 91476.31460674158,
    "retainedBytes": 683168,
    "liveHeapBytes": 16282784
  },
  "counters": {
    "cacheHits": 0,
    "cacheMisses": 178,
    "rootsConsidered": 885,
    "templatesEvaluated": 23010,
    "candidatesProduced": 12747,
    "candidatesRanked": 2061
  }
}