{
  "meta": {
    "oracleSize": 176,
    "commonSize": 81,
    "dartVersion": "3.12.2 (stable) (Tue Jun 9 01:11:39 2026 -0700) on \"macos_arm64\"",
    "targetRelCi95": 0.015,
    "referenceIterations": 400000,
    "referenceDisplayScale": 100.0,
    "countersEnabled": true
  },
  "referenceUs": {
    "mean": 813.6,
    "median": 810.0,
    "stddev": 8.181279443542637,
    "min": 804.0,
    "max": 830.0,
    "n": 10,
    "relCi95": 0.006232558424678338
  },
  "time": {
    "oracle": {
      "coldNormalized": 83.80891324751944,
      "warmNormalized": 0.01241850194422097,
      "coldNormalizedRelCi95": 0.00811572475095405,
      "warmNormalizedRelCi95": 0.007523542166947732,
      "coldUsPerCall": {
        "mean": 681.8693181818182,
        "median": 682.2329545454545,
        "stddev": 5.718595619431903,
        "min": 673.3522727272727,
        "max": 692.6704545454545,
        "n": 10,
        "relCi95": 0.005198096162656022
      },
      "warmUsPerCall": {
        "mean": 0.10103693181818181,
        "median": 0.10116477272727273,
        "stddev": 0.0006869610856319547,
        "min": 0.10019886363636364,
        "max": 0.10193181818181818,
        "n": 10,
        "relCi95": 0.004214131253391575
      }
    },
    "common": {
      "coldNormalized": 20.65604881621488,
      "warmNormalized": 0.01248907462034306,
      "coldNormalizedRelCi95": 0.01551515433556484,
      "warmNormalizedRelCi95": 0.0116979165939626,
      "coldUsPerCall": {
        "mean": 168.0576131687243,
        "median": 166.80246913580248,
        "stddev": 4.718340364032304,
        "min": 165.91358024691357,
        "max": 184.92592592592592,
        "n": 15,
        "relCi95": 0.01420828031604696
      },
      "warmUsPerCall": {
        "mean": 0.10161111111111112,
        "median": 0.10064814814814815,
        "stddev": 0.0016228946958094979,
        "min": 0.10037037037037037,
        "max": 0.10462962962962963,
        "n": 10,
        "relCi95": 0.009899316548240927
      }
    }
  },
  "memory": {
    "churnBytes": 16809792,
    "churnObjects": 142129,
    "churnBytesPerCall": 95510.18181818182,
    "retainedBytes": 674096,
    "liveHeapBytes": 16809792
  },
  "counters": {
    "cacheHits": 0,
    "cacheMisses": 176,
    "rootsConsidered": 902,
    "templatesEvaluated": 23452,
    "candidatesProduced": 13395,
    "candidatesRanked": 2343
  }
}