{
  "meta": {
    "oracleSize": 352,
    "commonSize": 81,
    "dartVersion": "3.12.2 (stable) (Tue Jun 9 01:11:39 2026 -0700) on \"macos_arm64\"",
    "targetRelCi95": 0.015,
    "referenceIterations": 400000,
    "referenceDisplayScale": 100.0,
    "countersEnabled": true
  },
  "referenceUs": {
    "mean": 801.8333333333334,
    "median": 800.0,
    "stddev": 4.299826246155353,
    "min": 800.0,
    "max": 814.0,
    "n": 30,
    "relCi95": 0.0019189437470834394,
    "converged": true
  },
  "time": {
    "oracle": {
      "coldNormalized": 28.830402864647297,
      "warmNormalized": 0.013780387275372724,
      "coldNormalizedRelCi95": 0.005053814990542742,
      "warmNormalizedRelCi95": 0.003870127241242746,
      "coldUsPerCall": {
        "mean": 231.17178030303026,
        "median": 231.39204545454544,
        "stddev": 3.0203101832422887,
        "min": 226.08522727272728,
        "max": 237.3096590909091,
        "n": 30,
        "relCi95": 0.004675328956786239,
        "converged": true
      },
      "warmUsPerCall": {
        "mean": 0.11049573863636362,
        "median": 0.11031250000000001,
        "stddev": 0.001037775896952311,
        "min": 0.10927556818181818,
        "max": 0.114375,
        "n": 30,
        "relCi95": 0.003360883776469897,
        "converged": true
      }
    },
    "common": {
      "coldNormalized": 16.258471455589167,
      "warmNormalized": 0.013693670112986955,
      "coldNormalizedRelCi95": 0.011709384333728954,
      "warmNormalizedRelCi95": 0.0040741815522672056,
      "coldUsPerCall": {
        "mean": 130.36584362139914,
        "median": 128.91975308641975,
        "stddev": 4.208145849018849,
        "min": 127.64197530864197,
        "max": 143.76543209876544,
        "n": 30,
        "relCi95": 0.011551075117516395,
        "converged": true
      },
      "warmUsPerCall": {
        "mean": 0.10980041152263373,
        "median": 0.10959876543209876,
        "stddev": 0.0011027645607951232,
        "min": 0.10833333333333334,
        "max": 0.1119753086419753,
        "n": 30,
        "relCi95": 0.0035939685886723863,
        "converged": true
      }
    }
  },
  "memory": {
    "churnBytes": 17652368,
    "churnObjects": 149925,
    "churnBytesPerCall": 50148.77272727273,
    "retainedBytes": 1205520,
    "liveHeapBytes": 17652368
  },
  "counters": {
    "cacheHits": 0,
    "cacheMisses": 352,
    "rootsConsidered": 1796,
    "templatesEvaluated": 48492,
    "candidatesProduced": 21483,
    "candidatesRanked": 3265
  }
}