{
  "meta": {
    "oracleSize": 220,
    "commonSize": 81,
    "dartVersion": "3.12.2 (stable) (Tue Jun 9 01:11:39 2026 -0700) on \"macos_arm64\"",
    "targetRelCi95": 0.015,
    "referenceIterations": 400000,
    "referenceDisplayScale": 100.0,
    "countersEnabled": true
  },
  "referenceUs": {
    "mean": 810.7,
    "median": 810.0,
    "stddev": 8.499019551297275,
    "min": 802.0,
    "max": 828.0,
    "n": 10,
    "relCi95": 0.006497775864609256
  },
  "time": {
    "oracle": {
      "coldNormalized": 29.973367572356096,
      "warmNormalized": 0.013329950547786988,
      "coldNormalizedRelCi95": 0.009889599814275497,
      "warmNormalizedRelCi95": 0.006994907623926473,
      "coldUsPerCall": {
        "mean": 242.9940909090909,
        "median": 242.1931818181818,
        "stddev": 2.9228800798925194,
        "min": 238.0818181818182,
        "max": 248.01818181818183,
        "n": 10,
        "relCi95": 0.007455406984183988
      },
      "warmUsPerCall": {
        "mean": 0.1080659090909091,
        "median": 0.10813636363636364,
        "stddev": 0.00045156217977578185,
        "min": 0.10711363636363637,
        "max": 0.10886363636363636,
        "n": 10,
        "relCi95": 0.002589911481222116
      }
    },
    "common": {
      "coldNormalized": 16.036286275996815,
      "warmNormalized": 0.013010399487106857,
      "coldNormalizedRelCi95": 0.01178063432496357,
      "warmNormalizedRelCi95": 0.011701660909146946,
      "coldUsPerCall": {
        "mean": 130.00617283950618,
        "median": 129.53086419753086,
        "stddev": 2.0611594953671903,
        "min": 127.98765432098766,
        "max": 133.62962962962962,
        "n": 10,
        "relCi95": 0.00982660948200402
      },
      "warmUsPerCall": {
        "mean": 0.1054753086419753,
        "median": 0.10469135802469136,
        "stddev": 0.0016561038035989167,
        "min": 0.1041358024691358,
        "max": 0.10888888888888888,
        "n": 10,
        "relCi95": 0.009731792067546405
      }
    }
  },
  "memory": {
    "churnBytes": 16582176,
    "churnObjects": 141555,
    "churnBytesPerCall": 75373.52727272727,
    "retainedBytes": 808752,
    "liveHeapBytes": 16582176
  },
  "counters": {
    "cacheHits": 0,
    "cacheMisses": 220,
    "rootsConsidered": 1134,
    "templatesEvaluated": 30618,
    "candidatesProduced": 13767,
    "candidatesRanked": 2085
  }
}