{
  "meta": {
    "oracleSize": 211,
    "commonSize": 81,
    "dartVersion": "3.12.2 (stable) (Tue Jun 9 01:11:39 2026 -0700) on \"macos_arm64\"",
    "targetRelCi95": 0.015,
    "referenceIterations": 400000,
    "referenceDisplayScale": 100.0,
    "countersEnabled": true
  },
  "referenceUs": {
    "mean": 830.5238095238095,
    "median": 817.0,
    "stddev": 28.848949803448736,
    "min": 800.0,
    "max": 904.0,
    "n": 21,
    "relCi95": 0.014856768106232389
  },
  "time": {
    "oracle": {
      "coldNormalized": 29.438624627756514,
      "warmNormalized": 0.01326947642845167,
      "coldNormalizedRelCi95": 0.019737655538559492,
      "warmNormalizedRelCi95": 0.016315898669752405,
      "coldUsPerCall": {
        "mean": 244.4947867298578,
        "median": 243.6184834123223,
        "stddev": 5.125850996158688,
        "min": 237.99052132701422,
        "max": 255.9383886255924,
        "n": 10,
        "relCi95": 0.01299428672903843
      },
      "warmUsPerCall": {
        "mean": 0.11020616113744075,
        "median": 0.11031990521327015,
        "stddev": 0.0011991785707834077,
        "min": 0.10834123222748815,
        "max": 0.1118957345971564,
        "n": 10,
        "relCi95": 0.006744256136837062
      }
    },
    "common": {
      "coldNormalized": 15.804245848968055,
      "warmNormalized": 0.012572015281148931,
      "coldNormalizedRelCi95": 0.01753224088356925,
      "warmNormalizedRelCi95": 0.020161755405434207,
      "coldUsPerCall": {
        "mean": 131.25802469135803,
        "median": 130.9320987654321,
        "stddev": 1.9713733948781011,
        "min": 128.76543209876544,
        "max": 134.1851851851852,
        "n": 10,
        "relCi95": 0.009308915717586729
      },
      "warmUsPerCall": {
        "mean": 0.10441358024691358,
        "median": 0.10367283950617284,
        "stddev": 0.002296106383284962,
        "min": 0.10234567901234567,
        "max": 0.10851851851851851,
        "n": 10,
        "relCi95": 0.013629850419802544
      }
    }
  },
  "memory": {
    "churnBytes": 16490240,
    "churnObjects": 140779,
    "churnBytesPerCall": 78152.79620853081,
    "retainedBytes": 780256,
    "liveHeapBytes": 16490240
  },
  "counters": {
    "cacheHits": 0,
    "cacheMisses": 211,
    "rootsConsidered": 1079,
    "templatesEvaluated": 29133,
    "candidatesProduced": 13090,
    "candidatesRanked": 1987
  }
}