{
  "meta": {
    "oracleSize": 176,
    "commonSize": 81,
    "dartVersion": "3.12.2 (stable) (Tue Jun 9 01:11:39 2026 -0700) on \"macos_arm64\"",
    "targetRelCi95": 0.015,
    "referenceIterations": 400000,
    "referenceDisplayScale": 100.0,
    "countersEnabled": true
  },
  "referenceUs": {
    "mean": 812.1,
    "median": 808.5,
    "stddev": 11.694728157023004,
    "min": 799.0,
    "max": 839.0,
    "n": 10,
    "relCi95": 0.00892558503653295
  },
  "time": {
    "oracle": {
      "coldNormalized": 31.107272391443058,
      "warmNormalized": 0.012646085905228869,
      "coldNormalizedRelCi95": 0.014344907668164198,
      "warmNormalizedRelCi95": 0.00956777152153499,
      "coldUsPerCall": {
        "mean": 252.6221590909091,
        "median": 251.57954545454544,
        "stddev": 4.577102772679097,
        "min": 246.46022727272728,
        "max": 261.1818181818182,
        "n": 10,
        "relCi95": 0.011229884583724585
      },
      "warmUsPerCall": {
        "mean": 0.10269886363636364,
        "median": 0.10298295454545454,
        "stddev": 0.0005710156602909629,
        "min": 0.101875,
        "max": 0.10323863636363637,
        "n": 10,
        "relCi95": 0.0034461839248529735
      }
    },
    "common": {
      "coldNormalized": 15.850994449689193,
      "warmNormalized": 0.01268088677274738,
      "coldNormalizedRelCi95": 0.010631279445975068,
      "warmNormalizedRelCi95": 0.011504921479958364,
      "coldUsPerCall": {
        "mean": 128.72592592592594,
        "median": 128.65432098765433,
        "stddev": 1.1995274179944138,
        "min": 127.17283950617283,
        "max": 131.19753086419752,
        "n": 10,
        "relCi95": 0.005775641472081785
      },
      "warmUsPerCall": {
        "mean": 0.10298148148148148,
        "median": 0.10231481481481482,
        "stddev": 0.0012061369658806094,
        "min": 0.10191358024691358,
        "max": 0.105,
        "n": 10,
        "relCi95": 0.007259280268430644
      }
    }
  },
  "memory": {
    "churnBytes": 16337840,
    "churnObjects": 139084,
    "churnBytesPerCall": 92828.63636363637,
    "retainedBytes": 675600,
    "liveHeapBytes": 16337840
  },
  "counters": {
    "cacheHits": 0,
    "cacheMisses": 176,
    "rootsConsidered": 874,
    "templatesEvaluated": 23598,
    "candidatesProduced": 10473,
    "candidatesRanked": 1673
  }
}