{
  "meta": {
    "oracleSize": 352,
    "commonSize": 81,
    "dartVersion": "3.12.2 (stable) (Tue Jun 9 01:11:39 2026 -0700) on \"macos_arm64\"",
    "targetRelCi95": 0.015,
    "referenceIterations": 400000,
    "referenceDisplayScale": 100.0,
    "countersEnabled": true
  },
  "referenceUs": {
    "mean": 804.9,
    "median": 803.0,
    "stddev": 5.384204228334377,
    "min": 799.0,
    "max": 817.0,
    "n": 30,
    "relCi95": 0.002393729331073811,
    "converged": true
  },
  "time": {
    "oracle": {
      "coldNormalized": 28.68488745072793,
      "warmNormalized": 0.012690146903247913,
      "coldNormalizedRelCi95": 0.005254969726297589,
      "warmNormalizedRelCi95": 0.004065238404565244,
      "coldUsPerCall": {
        "mean": 230.8846590909091,
        "median": 230.6661931818182,
        "stddev": 3.0183569245491917,
        "min": 227.01704545454547,
        "max": 237.5653409090909,
        "n": 30,
        "relCi95": 0.004678115722581163,
        "converged": true
      },
      "warmUsPerCall": {
        "mean": 0.10214299242424245,
        "median": 0.10197443181818182,
        "stddev": 0.0009378838547939285,
        "min": 0.10112215909090909,
        "max": 0.10495738636363636,
        "n": 30,
        "relCi95": 0.0032857606692376566,
        "converged": true
      }
    },
    "common": {
      "coldNormalized": 16.06339156207325,
      "warmNormalized": 0.012641705357156557,
      "coldNormalizedRelCi95": 0.010880694694883026,
      "warmNormalizedRelCi95": 0.005697150248916015,
      "coldUsPerCall": {
        "mean": 129.2942386831276,
        "median": 128.03086419753086,
        "stddev": 3.8350213607237813,
        "min": 126.82716049382717,
        "max": 141.7283950617284,
        "n": 30,
        "relCi95": 0.010614121580838074,
        "converged": true
      },
      "warmUsPerCall": {
        "mean": 0.10175308641975313,
        "median": 0.10148148148148148,
        "stddev": 0.0014700495493130941,
        "min": 0.1,
        "max": 0.10469135802469136,
        "n": 30,
        "relCi95": 0.0051698724208901654,
        "converged": true
      }
    }
  },
  "memory": {
    "churnBytes": 17369936,
    "churnObjects": 148569,
    "churnBytesPerCall": 49346.40909090909,
    "retainedBytes": 1205744,
    "liveHeapBytes": 17369936
  },
  "counters": {
    "cacheHits": 0,
    "cacheMisses": 352,
    "rootsConsidered": 1796,
    "templatesEvaluated": 48492,
    "candidatesProduced": 21483,
    "candidatesRanked": 3265
  }
}