{
  "meta": {
    "oracleSize": 192,
    "commonSize": 81,
    "dartVersion": "3.12.2 (stable) (Tue Jun 9 01:11:39 2026 -0700) on \"macos_arm64\"",
    "targetRelCi95": 0.015,
    "referenceIterations": 400000,
    "referenceDisplayScale": 100.0,
    "countersEnabled": true
  },
  "referenceUs": {
    "mean": 809.1,
    "median": 808.5,
    "stddev": 5.152130088074683,
    "min": 803.0,
    "max": 822.0,
    "n": 10,
    "relCi95": 0.003946759748412783
  },
  "time": {
    "oracle": {
      "coldNormalized": 63.11719812136942,
      "warmNormalized": 0.012691570881226055,
      "coldNormalizedRelCi95": 0.008107952428948543,
      "warmNormalizedRelCi95": 0.005315363638722229,
      "coldUsPerCall": {
        "mean": 510.68125,
        "median": 510.3125,
        "stddev": 5.835541703342599,
        "min": 502.8958333333333,
        "max": 521.0,
        "n": 10,
        "relCi95": 0.007082512271673185
      },
      "warmUsPerCall": {
        "mean": 0.1026875,
        "median": 0.10290364583333333,
        "stddev": 0.000589869139599498,
        "min": 0.10174479166666667,
        "max": 0.10325520833333333,
        "n": 10,
        "relCi95": 0.003560362074306358
      }
    },
    "common": {
      "coldNormalized": 17.49013578229396,
      "warmNormalized": 0.012948391063992759,
      "coldNormalizedRelCi95": 0.01536316153110661,
      "warmNormalizedRelCi95": 0.008121195038590299,
      "coldUsPerCall": {
        "mean": 141.51268861454045,
        "median": 139.462962962963,
        "stddev": 6.431991107035609,
        "min": 136.87654320987653,
        "max": 165.97530864197532,
        "n": 36,
        "relCi95": 0.01484755265083046
      },
      "warmUsPerCall": {
        "mean": 0.10476543209876543,
        "median": 0.10441358024691358,
        "stddev": 0.0011997137628778328,
        "min": 0.10339506172839506,
        "max": 0.10635802469135802,
        "n": 10,
        "relCi95": 0.007097668373707829
      }
    }
  },
  "memory": {
    "churnBytes": 16687376,
    "churnObjects": 141658,
    "churnBytesPerCall": 86913.41666666667,
    "retainedBytes": 716096,
    "liveHeapBytes": 16687376
  },
  "counters": {
    "cacheHits": 0,
    "cacheMisses": 192,
    "rootsConsidered": 969,
    "templatesEvaluated": 25194,
    "candidatesProduced": 14196,
    "candidatesRanked": 2240
  }
}