{
  "meta": {
    "oracleSize": 171,
    "commonSize": 81,
    "dartVersion": "3.12.2 (stable) (Tue Jun 9 01:11:39 2026 -0700) on \"macos_arm64\"",
    "targetRelCi95": 0.015,
    "referenceIterations": 400000,
    "referenceDisplayScale": 100.0,
    "countersEnabled": true
  },
  "referenceUs": {
    "mean": 815.8,
    "median": 813.5,
    "stddev": 9.174844836714012,
    "min": 803.0,
    "max": 832.0,
    "n": 10,
    "relCi95": 0.006970615034419928
  },
  "time": {
    "oracle": {
      "coldNormalized": 86.30268570011282,
      "warmNormalized": 0.01248406830592867,
      "coldNormalizedRelCi95": 0.010373520662121093,
      "warmNormalizedRelCi95": 0.008098097534165682,
      "coldUsPerCall": {
        "mean": 704.0573099415204,
        "median": 704.0760233918129,
        "stddev": 8.726763860653282,
        "min": 689.953216374269,
        "max": 718.1169590643275,
        "n": 10,
        "relCi95": 0.007682477267741968
      },
      "warmUsPerCall": {
        "mean": 0.10184502923976609,
        "median": 0.10203216374269006,
        "stddev": 0.0006772932465017047,
        "min": 0.10093567251461988,
        "max": 0.10277777777777777,
        "n": 10,
        "relCi95": 0.004121857556342672
      }
    },
    "common": {
      "coldNormalized": 20.604225147822433,
      "warmNormalized": 0.012694499680689105,
      "coldNormalizedRelCi95": 0.016084189601144883,
      "warmNormalizedRelCi95": 0.012053328207811935,
      "coldUsPerCall": {
        "mean": 168.0892687559354,
        "median": 166.64197530864197,
        "stddev": 4.48209122428101,
        "min": 165.9506172839506,
        "max": 182.66666666666666,
        "n": 13,
        "relCi95": 0.014495229600371843
      },
      "warmUsPerCall": {
        "mean": 0.10356172839506173,
        "median": 0.10256172839506172,
        "stddev": 0.001643014100482192,
        "min": 0.10234567901234567,
        "max": 0.10728395061728395,
        "n": 10,
        "relCi95": 0.009833272442435108
      }
    }
  },
  "memory": {
    "churnBytes": 16747008,
    "churnObjects": 141583,
    "churnBytesPerCall": 97935.71929824562,
    "retainedBytes": 661168,
    "liveHeapBytes": 16747008
  },
  "counters": {
    "cacheHits": 0,
    "cacheMisses": 171,
    "rootsConsidered": 882,
    "templatesEvaluated": 22932,
    "candidatesProduced": 13192,
    "candidatesRanked": 2315
  }
}