{
  "meta": {
    "oracleSize": 185,
    "commonSize": 81,
    "dartVersion": "3.12.2 (stable) (Tue Jun 9 01:11:39 2026 -0700) on \"macos_arm64\"",
    "targetRelCi95": 0.015,
    "referenceIterations": 400000,
    "referenceDisplayScale": 100.0,
    "countersEnabled": true
  },
  "referenceUs": {
    "mean": 812.7,
    "median": 812.5,
    "stddev": 6.684143758012524,
    "min": 800.0,
    "max": 821.0,
    "n": 10,
    "relCi95": 0.0050976685403348295
  },
  "time": {
    "oracle": {
      "coldNormalized": 62.65135567461149,
      "warmNormalized": 0.012520826474314843,
      "coldNormalizedRelCi95": 0.009339030739898202,
      "warmNormalizedRelCi95": 0.006185456954680181,
      "coldUsPerCall": {
        "mean": 509.1675675675676,
        "median": 508.0837837837838,
        "stddev": 6.428228368516142,
        "min": 500.56756756756755,
        "max": 520.3891891891892,
        "n": 10,
        "relCi95": 0.007825041253159252
      },
      "warmUsPerCall": {
        "mean": 0.10175675675675674,
        "median": 0.10191891891891891,
        "stddev": 0.0005751671963788236,
        "min": 0.10089189189189189,
        "max": 0.1025945945945946,
        "n": 10,
        "relCi95": 0.003503377397752345
      }
    },
    "common": {
      "coldNormalized": 17.044541362657927,
      "warmNormalized": 0.012568985867866141,
      "coldNormalizedRelCi95": 0.015740730427924232,
      "warmNormalizedRelCi95": 0.010688164008815997,
      "coldUsPerCall": {
        "mean": 138.52098765432098,
        "median": 136.4567901234568,
        "stddev": 6.656638489588361,
        "min": 134.35802469135803,
        "max": 163.0493827160494,
        "n": 40,
        "relCi95": 0.014892426593992678
      },
      "warmUsPerCall": {
        "mean": 0.10214814814814813,
        "median": 0.10120370370370371,
        "stddev": 0.0015482223123328331,
        "min": 0.10098765432098765,
        "max": 0.10512345679012346,
        "n": 10,
        "relCi95": 0.009394180397045301
      }
    }
  },
  "memory": {
    "churnBytes": 16830400,
    "churnObjects": 142441,
    "churnBytesPerCall": 90975.13513513513,
    "retainedBytes": 697488,
    "liveHeapBytes": 16830400
  },
  "counters": {
    "cacheHits": 0,
    "cacheMisses": 185,
    "rootsConsidered": 938,
    "templatesEvaluated": 24388,
    "candidatesProduced": 13753,
    "candidatesRanked": 2185
  }
}